No,20240305,20240306,20240307,20240308,20240311,20240312,20240313,20240314,20240315,20240318,20240319,20240320,20240321,20240322,20240325,20240326,20240327,20240328,20240329,20240401,20240402,20240403,20240404,20240405,20240408,20240409,20240410,20240411,20240412,20240415,20240416,20240417,20240418,20240419,20240422,20240423,20240424,20240425,20240426,20240429,20240430,20240501,20240502,20240503,20240506,20240507,20240508,20240509,20240510,20240513,20240514,20240515,20240516,20240517,20240520,20240521,20240522,20240523,20240524,20240527,20240528,20240529,20240530,20240531,20240603,20240604,20240605,20240606,20240607,20240610,20240611,20240612,20240613,20240614,20240617,20240618,20240619,20240620,20240621,20240624,20240625,20240626,20240627,20240628,20240701,20240702,20240703,20240704,20240705,20240708,20240709,20240710,20240711,20240712,20240715,20240716,20240717,20240718,20240719,20240722,20240723,20240724,20240725,20240726,20240729,20240730,20240731,20240801,20240802,20240805,20240806,20240807,20240808,20240809,20240812,20240813,20240814,20240815,20240816,20240819,20240820,20240821,20240822,20240823,20240826,20240827,20240828,20240829,20240830,20240902,20240903,20240904,20240905,20240906,20240909,20240910,20240911,20240912,20240913,20240916,20240917,20240918,20240919,20240920,20240923,20240924,20240925,20240926,20240927,20240930,20241001,20241002,20241003,20241004,20241007,20241008,20241009,20241010,20241011,20241014,20241015,20241016,20241017,20241018,20241021,20241022,20241023,20241024,20241025,20241028,20241029,20241030,20241031,20241101,20241104,20241105,20241106,20241107,20241108,20241111,20241112,20241113,20241114,20241115,20241118,20241119,20241120,20241121,20241122,20241125,20241126,20241127,20241128,20241129,20241202,20241203,20241204,20241205,20241206,20241209,20241210,20241211,20241212,20241213,20241216,20241217,20241218,20241219,20241220,20241223,20241224,20241225,20241226,20241227,20241230,20241231,20250101,20250102,20250103,20250106,20250107,20250108,20250109,20250110,20250113,20250114,20250115,20250116,20250117,20250120,20250121,20250122,20250123,20250124,20250127,20250128,20250129,20250130,20250131,20250203,20250204,20250205,20250206,20250207,20250210,20250211,20250212,20250213,20250214,20250217,20250218,20250219,20250220,20250221,20250224,20250225,20250226,20250227,20250228,20250303,20250304,20250305
1,SK,HPSP,동원산업,레고켐바이오,레이크머티리얼즈,POSCO홀딩스,아프리카TV,삼성물산,현대모비스,금양,SK아이이테크놀로지,위메이드,한솔케미칼,SK바이오사이언스,삼성SDI,에코프로비엠,에코프로,가온칩스,코스모화학,F&F,신세계,현대홈쇼핑,하나마이크론,S-Oil,HLB테라퓨틱스,이수앱지스,,엔켐,이오테크닉스,에이엘티,한국타이어앤테크놀로지,,에스티아이,원텍,샌즈랩,한국철강,쌍용C&E,제주은행,광주신세계,GKL,티에스이,,진에어,한온시스템,,리노공업,금호타이어,제일기획,넷마블,한샘,HD현대마린솔루션,,CJ,효성티앤씨,LS,LX인터내셔널,LG생활건강,OCI홀딩스,삼성에스디에스,두산밥캣,솔브레인,현대비앤지스틸,아모레G,아모레퍼시픽,잇츠한불,동국제약,HL만도,,원익QnC,솔브레인홀딩스,후성,한화솔루션,한미반도체,SKC,포스코인터내셔널,롯데에너지머티리얼즈,기아,한국가스공사,GS,한국가스공사,콜마비앤에이치,포스코인터내셔널,현대차,이수페타시스,에스엘,이노스페이스,이랜텍,제이앤티씨,,바이오니아,삼성전자,삼성전자,SK하이닉스,두산로보틱스,대우건설,LG이노텍,삼성전기,한전기술,디케이티,,LG전자,신성통상,,갤럭시아머니트리,셀트리온,셀트리온,삼성E&A,휠라홀딩스,,,한양증권,넥슨게임즈,넷마블,웨스트라이즈,진원생명과학,시프트업,,,,에스디바이오센서,현대해상,DB손해보험,뷰노,세방,신한지주,GS건설,,동아쏘시오홀딩스,에이프로젠바이오로직스,이엔셀,종근당,,롯데정밀화학,,한화갤러리아,한국콜마,,,DB금융투자,,,,바이넥스,에스티팜,삼양홀딩스,씨에스윈드,,코스메카코리아,차이커뮤니케이션,제닉스,,맵스리얼티1,,HK이노엔,HS효성첨단소재,LG에너지솔루션,,동원시스템즈,대웅제약,중앙첨단소재,유한양행,TKG휴켐스,한진칼,한미약품,한진칼,한진칼,,,프레스티지바이오로직스,YG PLUS,한화인더스트리얼솔루션즈,미래에셋증권,맥쿼리인프라,오리온홀딩스,쇼박스,유바이오로직스,,더본코리아,에스원,알테오젠,,미래에셋벤처투자,한국항공우주,펩트론,,디지털대성,네이처셀,,,,아시아나IDT,삼성생명,SK텔레콤,대한항공,KT,KB금융,KT&G,고려아연,롯데렌탈,안랩,동신건설,동서,KB발해인프라,DI동일,브이티,루닛,휴온스글로벌,에스와이스틸텍,한일시멘트,더블유게임즈,현대엘리베이,,신성델타테크,,녹십자,,,오리엔트정공,엘앤씨바이오,디앤디파마텍,보령,신세계 I&C,,신세계 I&C,지누스,위메이드맥스,산일전기,,LS에코에너지,,HD현대미포,비츠로셀,SNT모티브,HD현대일렉트릭,,,,,현대글로비스,GRT,,에스피지,NAVER,크래프톤,씨메스,현대무벡스,아이에스티이,HD현대중공업,에이치브이엠,삼성바이오로직스,두산에너빌리티,코웨이,LS ELECTRIC,현대로템,SK이노베이션,삼성중공업,삼성카드,하이브,영원무역,,한화에어로스페이스,HMM
2,에코프로머티,덴티움,더블유씨피,아이에스동서,카카오게임즈,포스코퓨처엠,에스앤에스텍,LG,한국전력,이수스페셜티케미컬,에코프로에이치엔,티에프이,현대위아,현대미포조선,LG화학,HLB,코스모화학,HLB이노베이션,제주반도체,동진쎄미켐,LX세미콘,아이엠비디엑스,대덕전자,ISC,흥아해운,,,넥센타이어,지노믹트리,,,,테스,,크레버스,헬릭스미스,와이아이케이,아스트,나이스정보통신,디아이티,제일엠앤에스,,고려제강,파라다이스,,유진테크,BGF리테일,삼화콘덴서,팬오션,CJ4우(전환),코미코,,풍산,커넥트웨이브,대한전선,세경하이테크,박셀바이오,DL,감성코퍼레이션,CJ ENM,LS머트리얼즈,이베스트투자증권,,덕산네오룩스,제이에스코퍼레이션,인터플렉스,한국석유,,이엔에프테크놀로지,빙그레,에스바이오메딕스,대주전자재료,코스모신소재,SPC삼립,농심,피엔티,심텍,DB하이텍,실리콘투,디아이,백산,CJ제일제당,코스맥스,씨앤씨인터내셔널,솔루스첨단소재,,,시노펙스,,어보브반도체,사조대림,삼천당제약,SK스퀘어,LG디스플레이,오스코텍,제룡전기,KCC,KCC글라스,,,에스와이,마크로젠,,환인제약,갤럭시아머니트리,펌텍코리아,삼표시멘트,STX중공업,,,,동양생명,퀀타매트릭스,케이에스피,일양약품,웹젠,,,,씨젠,제이시스메디칼,현대해상,일동제약,,하나금융지주,CJ CGV,,,,아이스크림미디어,롯데정밀화학,,쿠쿠홀딩스,,피노,조광피혁,,,인벤티지랩,,,,,영풍,,HK이노엔,,,엠에스오토텍,,,브랜드엑스코퍼레이션,,바이오다인,영풍정밀,폰드그룹,,,대웅,서울반도체,퓨쳐켐,SGC에너지,코아스템켐온,제넥신,태성,한올바이오파마,,,,사조산업,,한미사이언스,하이트진로홀딩스,탑런토탈솔루션,,한국화장품제조,,,한국쉘석유,리가켐바이오,,동아지질,넥스트칩,SG,,,,,,,한미글로벌,LG유플러스,인카금융서비스,지역난방공사,엔씨소프트,삼성생명,,인카금융서비스,,,에이텍,일성건설,노머스,비보존 제약,메디포스트,한국앤컴퍼니,현대그린푸드,SG글로벌,온코닉테라퓨틱스,휴메딕스,한일홀딩스,,코엔텍,,,,,,퓨런티어,엑스게이트,,오리엔트바이오,,제닉,,,,,경동나비엔,,파크시스템스,하이록코리아,대영포장,일진전기,,,,,BNK금융지주,,,쏠리드,HD현대,SK바이오팜,클로봇,삼양엔씨켐,,한화비전,로체시스템즈,화승엔터프라이즈,레인보우로보틱스,한화엔진,오리온,LIG넥스원,우리금융지주,한국카본,카페24,NH투자증권,스튜디오드래곤,,한화오션,HD한국조선해양
3,카카오페이,KG모빌리티,삼아알미늄,지씨셀,드림텍,카카오,큐로셀,카카오뱅크,대신증권,나노신소재,롯데정보통신,광동제약,툴젠,현대바이오,엘앤에프,하나투어,케이엠더블유,KH바텍,엔젤로보틱스,호텔신라,엘브이엠씨홀딩스,,기가비스,원익IPS,큐라클,,,자람테크놀로지,디와이피엔에프,,,,롯데이노베이트,,,,제이브이엠,코리아에프티,,큐리옥스바이오시스템즈,케이지에코솔루션,,AP시스템,이노션,,엠씨넥스,파트론,네오위즈,세방전지,알멕,미원상사,,세아베스틸지주,아세아,대한유화,조일알미늄,샘씨엔에스,코오롱인더,매일유업,효성첨단소재,우진엔텍,에이에스텍,,한세실업,,대성에너지,제이엘케이,,딥노이드,유니드,락앤락,에프에스티,와이씨,토니모리,롯데에너지머티리얼즈,롯데웰푸드,OCI,대상홀딩스,롯데손해보험,미코,나노팀,에이피알,쿠쿠홈시스,대한해운,SOOP,,,미래에셋생명,,한독,HB테크놀러지,현대오토에버,키움증권,금호석유,우리기술,PI첨단소재,F&F홀딩스,한전산업,,,서울바이오시스,동구바이오제약,,,에이치에스효성,삼아제약,윈팩,LX홀딩스,,,,,케이에스피,,오성첨단소재,우리바이오,,,,하이트진로,한화손해보험,메디톡스,에이프로젠,,대우건설,E1,,,,M83,한국토지신탁,,모나용평,,,,,,,,,,,GS글로벌,,SK오션플랜트,,,,,,부국증권,,삼목에스폼,,,,,마이크로디지탈,한세예스24홀딩스,에이프릴바이오,에이스침대,제넥신,이연제약,루미르,,,,,,,프레스티지바이오파마,KSS해운,,,윈스,,,,,,,,,,,,,,,,GS리테일,,,컴투스,삼성화재,,컴투스홀딩스,,,,,,방림,컴투스홀딩스,코나아이,서희건설,,,GS피앤엘,바이오플러스,,대한제강,,,,,,,드림시큐리티,,,,,,,,,보광산업,,성광벤드,,,티웨이항공,,,,,로보티즈,,,인화정공,LG씨엔에스,케어젠,한국기업평가,토모큐브,,HD현대인프라코어,대아티아이,엠아이텍,한화시스템,필옵틱스,디어유,삼양식품,한국금융지주,동성화인텍,지아이이노베이션,클래시스,올릭스,,와이지엔터테인먼트,파마리서치
4,롯데케미칼,메지온,SK케미칼,칩스앤미디어,인탑스,삼성엔지니어링,위지윅스튜디오,기업은행,삼부토건,천보,인터로조,일성신약,한국비엔씨,성우하이텍,셀트리온제약,녹십자홀딩스,예스티,AJ네트웍스,필에너지,대덕전자,바텍,,해성디에스,주성엔지니어링,아이엠티,,,한국정보통신,,,,,에코마케팅,,,,와이엠티,,,태웅,한양디지텍,,와이씨켐,현대퓨처넷,,모트렉스,에스에이엠티,엠씨넥스,선익시스템,비츠로테크,한글과컴퓨터,,커넥트웨이브,다원시스,한글과컴퓨터,KPX홀딩스,파인엠텍,에스에프에이,조선내화,두산퓨얼셀,수산인더스트리,엘앤케이바이오,,롯데관광개발,,에이팩트,,,,퍼시스,,백광산업,백광산업,JTC,오뚜기,피에스케이홀딩스,이엠텍,스틱인베스트먼트,덕산테코피아,아나패스,,데브시스터즈,화신,이녹스첨단소재,하나머티리얼즈,,,유니셈,,,포니링크,펄어비스,테크윙,유진투자증권,사람인,비에이치,LX하우시스,,,,,,,,,,,스카이문스테크놀로지,,,,,,,,,,,,제이시스메디칼,영진약품,티디에스팜,,,HDC현대산업개발,한선엔지니어링,,,,에이프로젠바이오로직스,,,,,,,,,,,,,,JW홀딩스,,대봉엘에스,,,,,,,,브랜드엑스코퍼레이션,,,,,,한국제지,삼일제약,인스코비,대화제약,와이제이링크,인스피언,,,,,,,비즈니스온,,,,래몽래인,,,,,,,,,,,,,,,,에스와이스틸텍,,,,삼성증권,,,,,,,,,큐브엔터,,아티스트유나이티드,,,아티스트스튜디오,서희건설,,예스코홀딩스,,,,,,,아톤,,,,,,,,,,,현대힘스,,,비에이치아이,,,,,액션스퀘어,,,,효성중공업,티앤엘,솔트룩스,파이버프로,,HD현대건설기계,현대에버다임,에이럭스,현대건설,HD현대마린엔진,가온전선,두산,SK가스,아이쓰리시스템,풀무원,휴젤,우주일렉트로,,세아제강지주,코오롱티슈진
5,현대제철,에코앤드림,DS단석,프로텍,세아홀딩스,TCC스틸,오상헬스케어,포스코DX,셀바스AI,애경케미칼,뉴로메카,상신이디피,소룩스,신라젠,HLB생명과학,JW중외제약,부광약품,이노와이어리스,골프존,제주항공,엑시콘,,한솔아이원스,SFA반도체,아이씨디,,,미래컴퍼니,,,,,티이엠씨,,,,,,,KG ETS,,,와이솔,민테크,,에어부산,티엘비,KG에코솔루션,SM C&C,타이거일렉,젬백스링크,,켐트로닉스,유나이티드제약,서부T&D,노바텍,조선내화,SK이터닉스,이지홀딩스,효성,HD현대에너지솔루션,,,애경산업,,한국석유,,,,한일현대시멘트,,클리오,아이패밀리에스씨,해태제과식품,롯데칠성,티씨케이,아이티엠반도체,하이비젼시스템,미코,청담글로벌,,HB솔루션,상아프론테크,인선이엔티,코아시아,,,LS증권,,,,아이센스,서진시스템,,우진,유안타증권,대원제약,,,,,,,,,,,한국공항,,,,,,,,,,,,신풍제약,월덱스,,,,JW홀딩스,슈프리마,,,,,,,,,,,,,,,,,,녹십자웰빙,,,,,,,,,,흥구석유,,,,,,,블루엠텍,나이벡,제테마,,,,,,,,,DB,,,,,,,,,,,,,,,,,,,,,,,,JB금융지주,,,,,,,,,일신석재,,쓰리빌리언,,,온코닉테라퓨틱스,,,덱스터,,,,,,,,,,,,,,,,,,오리엔탈정공,,,제일일렉트릭,,,,,,,,,더존비즈온,솔트룩스,에치에프알,,,전진건설로봇,,,한화,남양유업,오름테라퓨틱,SK가스,아시아나항공,HL홀딩스,SNT홀딩스,JYP Ent.,바이오솔루션,,아스테라시스,보로노이
6,롯데지주,오픈엣지테크놀로지,에이직랜드,엘오티베큠,한국자산신탁,성일하이텍,에이피티씨,한화생명,LS네트웍스,네오셈,에브리봇,,SBS,삼현,HLB제약,쏘카,코미팜,HLB파나진,신성이엔지,비올,아이디스,,케이씨,SK디스커버리,,,,콘텐트리중앙,,,,,글로벌텍스프리,,,,,,,대원강업,,,,케이알엠,,제일전기공업,,디앤씨미디어,,,KEC,,풍산홀딩스,아이씨티케이,폴라리스오피스,,,미원에스씨,,일진하이솔루스,슈어소프트테크,,,,,씨싸이트,,,,뉴파워프라즈마,,잉글우드랩,삼화전기,선진뷰티사이언스,파두,클리오,아주IB투자,코오롱글로벌,코세스,파세코,,서연이화,그리드위즈,경농,아바텍,,,,,,,한중엔시에스,케이씨텍,,,세진중공업,BGF에코머티리얼즈,,,,,,,,,,,,,,,,,,,,,,,바이오노트,인크레더블버즈,,,,,,,,,,,,,,,,,,,,,,,,,,,,,,,,,셀루메드,,,,,,,예스24,,셀비온,,,,,,,,,,,,,,,,,,,,,,,,,,,,,,,,,강원랜드,,,,,,,,,,,,,,,,,,,,,,,,,,,,,,,,,,,케이프,,,안트로젠,,,,,,,,,하이젠알앤엠,,에스오에스랩,,,브릿지바이오테라퓨틱스,,,에이비엘바이오,피아이이,LF,유일로보틱스,현대지에프홀딩스,엘케이켐,교촌에프앤비,에스엠,넥써쓰,,엣지파운드리,이마트
7,CJ대한통운,인텍플러스,동아에스티,미래반도체,사피엔반도체,율촌화학,한농화성,다우기술,KISCO홀딩스,GST,TYM,,로보스타,케이아이엔엑스,차바이오텍,동국산업,코오롱플라스틱,,신흥에스이씨,신세계인터내셔날,,,한국콜마홀딩스,두산테스나,,,,일성아이에스,,,,,모두투어,,,,,,,이엔플러스,,,,,,코칩,,일진다이아,,,HDC랩스,,대원전선,톱텍,코오롱ENP,,,유티아이,,인텔리안테크,도화엔지니어링,,,,,,,,,에이비온,,브이엠,마녀공장,넥센,대상,케이카,하이비젼시스템,,삼양패키징,,,국도화학,콜마홀딩스,,헥토파이낸셜,,,,,,,성신양회,피에스케이,,,사람인,라파스,,,,,,,,,,,,,,,,,,,,,,,바디텍메드,동국씨엠,,,,,,,,,,,,,,,,,,,,,,,,,,,,,,,,,,,,,,,,,,,,,,,,,,,,,,,,,,,,,,,,,,,,,,,,,,,한전KPS,,,,,,,,,,,,,,,,,,,,,,,,,,,,,,,,,,,,,,,,,,,,,,,엠로,,한국무브넥스,,,켄코아에어로스페이스,,,DGB금융지주,휴림로봇,듀켐바이오,동방메디컬,위너스,SAMG엔터,SAMG엔터,신영증권,,,화승인더,DL이앤씨
8,롯데쇼핑,NICE,탑머티리얼,에코플라스틱,씨씨에스,씨아이에스,이스트소프트,HSD엔진,코난테크놀로지,하이드로리튬,이랜시스,,싸이토젠,신성에스티,메드팩토,아미코젠,파로스아이바이오,,인바디,아난티,,,CJ프레시웨이,디엔에프,,,,나스미디어,,,,,,,,,,,,,,,,,,,,,,,동국홀딩스,,AP위성,삼화페인트,폴라리스AI,,,노브랜드,,유니테스트,범한퓨얼셀,,,,,,,,,싸이맥스,,락앤락,한양이엔지,미스터블루,동원F&B,삼양사,토비스,,아이마켓코리아,,,코세스,풍원정밀,,노바렉스,,,,,,,,LS마린솔루션,,,,,,,,,,,,,,,,,,,,,,,,,,,휴마시스,,,,,,,,,,,,,,,,,,,,,,,,,,,,,,,,,,,,,,,,,,,,,,,,,,,,,,,,,,,,,,,,,,,,,,,,,,,,코리안리,,,,,,,,,,,,,,,,,,,,,,,,,,,,,,,,,,,,,,,,,,,,,,,한국단자,,와이즈넛,,,,,,고영,지엔씨에너지,,모티브링크,,큐리언트,,HDC,,,,젬백스
9,SK네트웍스,네패스,에스피소프트,유니퀘스트,웅진씽크빅,제이오,웅진씽크빅,큐로셀,유진기업,CG인바이츠,이에이트,,포스코스틸리온,신도리코,LB세미콘,HLB글로벌,멀티캠퍼스,,HLB바이오스텝,원익머트리얼즈,,,테고사이언스,퓨릿,,,,제일약품,,,,,,,,,,,,,,,,,,,,,,,삼영전자,,대창단조,,효성화학,,,비나텍,,덕산하이메탈,일진홀딩스,,,,,,,,,아모그린텍,,광무,와이랩,CJ씨푸드,하림,아이티엠반도체,아바코,,무림P&P,,,피에이치에이,제룡산업,,,,,,,,,,포니링크,,,,,,,,,,,,,,,,,,,,,,,,,,,랩지노믹스,,,,,,,,,,,,,,,,,,,,,,,,,,,,,,,,,,,,,,,,,,,,,,,,,,,,,,,,,,,,,,,,,,,,,,,,,,,,리파인,,,,,,,,,,,,,,,,,,,,,,,,,,,,,,,,,,,,,,,,,,,,,,,모토닉,,,,,,,,STX엔진,,,대덕,,,,교보증권,,,,현대백화점
10,동화기업,코리아써키트,KG케미칼,,KX,명신산업,자이언트스텝,코난테크놀로지,현대차증권,코윈테크,한울소재과학,,시너지이노베이션,디오,알루코,SIMPAC,조이시티,,리튬포어스,한섬,,,,테고사이언스,,,,,,,,,,,,,,,,,,,,,,,,,,,,,,,이구산업,,,디알텍,,대명에너지,일진파워,,,,,,,,,강스템바이오텍,,경동제약,네오팜,삐아,농심홀딩스,대한제당,씨어스테크놀로지,,,,,워트,,,,,,,,,,,압타바이오,,,,,,,,,,,,,,,,,,,,,,,,,,,엑세스바이오,,,,,,,,,,,,,,,,,,,,,,,,,,,,,,,,,,,,,,,,,,,,,,,,,,,,,,,,,,,,,,,,,,,,,,,,,,,,,,,,,,,,,,,,,,,,,,,,,,,,,,,,,,,,,,,,,,,,,,,,,,,와이팜,,,,,,,,파미셀,,,레드캡투어,,,,넵튠,,,,DN오토모티브
11,솔루엠,아세아제지,삼천리,,이닉스,윤성에프앤씨,유비쿼스홀딩스,케이엔알시스템,CR홀딩스,그린리소스,그린케미칼,,대교,유진로봇,BGF,종근당홀딩스,티앤알바이오팹,,뉴프렉스,바텍,,,,,,,,,,,,,,,,,,,,,,,,,,,,,,,,,,,현대리바트,,,조선내화,,지투파워,,,,,,,,,,,,,,,매일유업,에이블씨엔씨,,,,,,디아이씨,,,,,,,,,,,해성산업,,,,,,,,,,,,,,,,,,,,,,,,,,,CMG제약,,,,,,,,,,,,,,,,,,,,,,,,,,,,,,,,,,,,,,,,,,,,,,,,,,,,,,,,,,,,,,,,,,,,,,,,,,,,,,,,,,,,,,,,,,,,,,,,,,,,,,,,,,,,,,,,,,,,,,,,,,,,,,,,,,,쎄트렉아이,,,,,,,펨트론,,,,SNT다이내믹스
12,영원무역홀딩스,KG이니시스,석경에이티,,하이딥,드림텍,씨티씨바이오,케이엔솔,상상인,레이,,,노루페인트,삼익THK,남해화학,LG헬로비전,,,,티로보틱스,,,,,,,,,,,,,,,,,,,,,,,,,,,,,,,,,,,,,,한솔제지,,보성파워텍,,,,,,,,,,,,,,,뷰웍스,KPX케미칼,,,,,,,,,,,,,,,,,와이엠텍,,,,,,,,,,,,,,,,,,,,,,,,,,,,,,,,,,,,,,,,,,,,,,,,,,,,,,,,,,,,,,,,,,,,,,,,,,,,,,,,,,,,,,,,,,,,,,,,,,,,,,,,,,,,,,,,,,,,,,,,,,,,,,,,,,,,,,,,,,,,,,,,,,,,,,,,,,,,,,RFHIC,,,,,,,,,,,세아제강지주
13,포스코엠텍,파워로직스,비씨엔씨,,YTN,제우스,이녹스,STX,,코오롱모빌리티그룹,,,,대동,앱클론,인트론바이오,,,,엠케이전자,,,,,,,,,,,,,,,,,,,,,,,,,,,,,,,,,,,,,,미원홀딩스,,,,,,,,,,,,,,,,,대한제분,,,,,,,,,,,,,,,,,,하이텍팜,,,,,,,,,,,,,,,,,,,,,,,,,,,,,,,,,,,,,,,,,,,,,,,,,,,,,,,,,,,,,,,,,,,,,,,,,,,,,,,,,,,,,,,,,,,,,,,,,,,,,,,,,,,,,,,,,,,,,,,,,,,,,,,,,,,,,,,,,,,,,,,,,,,,,,,,,,,,,,넥스트바이오메디컬,,,,,,,,,,,태광산업
14,한화투자증권,에코아이,삼영무역,,유니켐,에이디테크놀로지,,서연,,,,,,새로닉스,새로닉스,하나제약,,,,컨텍,,,,,,,,,,,,,,,,,,,,,,,,,,,,,,,,,,,,,,금양그린파워,,,,,,,,,,,,,,,,,라메디텍,,,,,,,,,,,,,,,,,,,,,,,,,,,,,,,,,,,,,,,,,,,,,,,,,,,,,,,,,,,,,,,,,,,,,,,,,,,,,,,,,,,,,,,,,,,,,,,,,,,,,,,,,,,,,,,,,,,,,,,,,,,,,,,,,,,,,,,,,,,,,,,,,,,,,,,,,,,,,,,,,,,,,,,,,,,,,,,,스마트레이더시스템,,,,,,,,,,,NICE평가정보
15,우리기술투자,오로스테크놀로지,코어라인소프트,,,강원에너지,,삼성출판사,,,,,,국전약품,종근당홀딩스,JW생명과학,,,,이월드,,,,,,,,,,,,,,,,,,,,,,,,,,,,,,,,,,,,,,,,,,,,,,,,,,,,,,,무학,,,,,,,,,,,,,,,,,,,,,,,,,,,,,,,,,,,,,,,,,,,,,,,,,,,,,,,,,,,,,,,,,,,,,,,,,,,,,,,,,,,,,,,,,,,,,,,,,,,,,,,,,,,,,,,,,,,,,,,,,,,,,,,,,,,,,,,,,,,,,,,,,,,,,,,,,,,,,,,,,,,,,,,,,,,,,,,,동국생명과학,,,,,,,,,,,SNT에너지
16,NHN,유비케어,켐트로스,,,하나기술,,에스비비테크,,,,,,신대양제지,삼진제약,,,,,가비아,,,,,,,,,,,,,,,,,,,,,,,,,,,,,,,,,,,,,,,,,,,,,,,,,,,,,,,,,,,,,,,,,,,,,,,,,,,,,,,,,,,,,,,,,,,,,,,,,,,,,,,,,,,,,,,,,,,,,,,,,,,,,,,,,,,,,,,,,,,,,,,,,,,,,,,,,,,,,,,,,,,,,,,,,,,,,,,,,,,,,,,,,,,,,,,,,,,,,,,,,,,,,,,,,,,,,,,,,,,,,,,,,,,,,,,앱트뉴로사이언스,,,,,,,,,,,HJ중공업
17,하림지주,BYC,오킨스전자,,,네패스아크,,한국전자금융,,,,,,한국알콜,원익피앤이,,,,,원익피앤이,,,,,,,,,,,,,,,,,,,,,,,,,,,,,,,,,,,,,,,,,,,,,,,,,,,,,,,,,,,,,,,,,,,,,,,,,,,,,,,,,,,,,,,,,,,,,,,,,,,,,,,,,,,,,,,,,,,,,,,,,,,,,,,,,,,,,,,,,,,,,,,,,,,,,,,,,,,,,,,,,,,,,,,,,,,,,,,,,,,,,,,,,,,,,,,,,,,,,,,,,,,,,,,,,,,,,,,,,,,,,,,,,,,,,,,,,,,,,,,,,,엠앤씨솔루션
18,넥스틴,현대차증권,한빛레이저,,,텔레칩스,,한스바이오메드,,,,,,일신방직,경동인베스트,,,,,스카이라이프,,,,,,,,,,,,,,,,,,,,,,,,,,,,,,,,,,,,,,,,,,,,,,,,,,,,,,,,,,,,,,,,,,,,,,,,,,,,,,,,,,,,,,,,,,,,,,,,,,,,,,,,,,,,,,,,,,,,,,,,,,,,,,,,,,,,,,,,,,,,,,,,,,,,,,,,,,,,,,,,,,,,,,,,,,,,,,,,,,,,,,,,,,,,,,,,,,,,,,,,,,,,,,,,,,,,,,,,,,,,,,,,,,,,,,,,,,,,,,,,,,태광
19,메가스터디교육,매커스,,,,세아홀딩스,,,,,,,,,한국파마,,,,,그래디언트,,,,,,,,,,,,,,,,,,,,,,,,,,,,,,,,,,,,,,,,,,,,,,,,,,,,,,,,,,,,,,,,,,,,,,,,,,,,,,,,,,,,,,,,,,,,,,,,,,,,,,,,,,,,,,,,,,,,,,,,,,,,,,,,,,,,,,,,,,,,,,,,,,,,,,,,,,,,,,,,,,,,,,,,,,,,,,,,,,,,,,,,,,,,,,,,,,,,,,,,,,,,,,,,,,,,,,,,,,,,,,,,,,,,,,,,,,,,,,,,,,세아제강
20,KG스틸,삼영무역,,,,퀄리타스반도체,,,,,,,,,동성케미컬,,,,,씨에스베어링,,,,,,,,,,,,,,,,,,,,,,,,,,,,,,,,,,,,,,,,,,,,,,,,,,,,,,,,,,,,,,,,,,,,,,,,,,,,,,,,,,,,,,,,,,,,,,,,,,,,,,,,,,,,,,,,,,,,,,,,,,,,,,,,,,,,,,,,,,,,,,,,,,,,,,,,,,,,,,,,,,,,,,,,,,,,,,,,,,,,,,,,,,,,,,,,,,,,,,,,,,,,,,,,,,,,,,,,,,,,,,,,,,,,,,,,,,,,,,,,,,넥스틸
21,미래나노텍,동화약품,,,,지오릿에너지,,,,,,,,,한일사료,,,,,진성티이씨,,,,,,,,,,,,,,,,,,,,,,,,,,,,,,,,,,,,,,,,,,,,,,,,,,,,,,,,,,,,,,,,,,,,,,,,,,,,,,,,,,,,,,,,,,,,,,,,,,,,,,,,,,,,,,,,,,,,,,,,,,,,,,,,,,,,,,,,,,,,,,,,,,,,,,,,,,,,,,,,,,,,,,,,,,,,,,,,,,,,,,,,,,,,,,,,,,,,,,,,,,,,,,,,,,,,,,,,,,,,,,,,,,,,,,,,,,,,,,,,,,코오롱생명과학
22,자화전자,태림포장,,,,한농화성,,,,,,,,,알에스오토메이션,,,,,더네이쳐홀딩스,,,,,,,,,,,,,,,,,,,,,,,,,,,,,,,,,,,,,,,,,,,,,,,,,,,,,,,,,,,,,,,,,,,,,,,,,,,,,,,,,,,,,,,,,,,,,,,,,,,,,,,,,,,,,,,,,,,,,,,,,,,,,,,,,,,,,,,,,,,,,,,,,,,,,,,,,,,,,,,,,,,,,,,,,,,,,,,,,,,,,,,,,,,,,,,,,,,,,,,,,,,,,,,,,,,,,,,,,,,,,,,,,,,,,,,,,,,,,,,,,,휴스틸
23,큐렉소,한솔테크닉스,,,,이수화학,,,,,,,,,HLB파나진,,,,,티움바이오,,,,,,,,,,,,,,,,,,,,,,,,,,,,,,,,,,,,,,,,,,,,,,,,,,,,,,,,,,,,,,,,,,,,,,,,,,,,,,,,,,,,,,,,,,,,,,,,,,,,,,,,,,,,,,,,,,,,,,,,,,,,,,,,,,,,,,,,,,,,,,,,,,,,,,,,,,,,,,,,,,,,,,,,,,,,,,,,,,,,,,,,,,,,,,,,,,,,,,,,,,,,,,,,,,,,,,,,,,,,,,,,,,,,,,,,,,,,,,,,,,원익홀딩스
24,동국제강,스튜디오미르,,,,원준,,,,,,,,,,,,,,쿠콘,,,,,,,,,,,,,,,,,,,,,,,,,,,,,,,,,,,,,,,,,,,,,,,,,,,,,,,,,,,,,,,,,,,,,,,,,,,,,,,,,,,,,,,,,,,,,,,,,,,,,,,,,,,,,,,,,,,,,,,,,,,,,,,,,,,,,,,,,,,,,,,,,,,,,,,,,,,,,,,,,,,,,,,,,,,,,,,,,,,,,,,,,,,,,,,,,,,,,,,,,,,,,,,,,,,,,,,,,,,,,,,,,,,,,,,,,,,,,,,,,,현대코퍼레이션
25,NHN KCP,,,,,새빗켐,,,,,,,,,,,,,,,,,,,,,,,,,,,,,,,,,,,,,,,,,,,,,,,,,,,,,,,,,,,,,,,,,,,,,,,,,,,,,,,,,,,,,,,,,,,,,,,,,,,,,,,,,,,,,,,,,,,,,,,,,,,,,,,,,,,,,,,,,,,,,,,,,,,,,,,,,,,,,,,,,,,,,,,,,,,,,,,,,,,,,,,,,,,,,,,,,,,,,,,,,,,,,,,,,,,,,,,,,,,,,,,,,,,,,,,,,,,,,,,,,,,,,,,,,,,,,,,,대동기어
26,다우데이타,,,,,대보마그네틱,,,,,,,,,,,,,,,,,,,,,,,,,,,,,,,,,,,,,,,,,,,,,,,,,,,,,,,,,,,,,,,,,,,,,,,,,,,,,,,,,,,,,,,,,,,,,,,,,,,,,,,,,,,,,,,,,,,,,,,,,,,,,,,,,,,,,,,,,,,,,,,,,,,,,,,,,,,,,,,,,,,,,,,,,,,,,,,,,,,,,,,,,,,,,,,,,,,,,,,,,,,,,,,,,,,,,,,,,,,,,,,,,,,,,,,,,,,,,,,,,,,,,,,,,,,,,,,,코오롱
27,큐알티,,,,,드림어스컴퍼니,,,,,,,,,,,,,,,,,,,,,,,,,,,,,,,,,,,,,,,,,,,,,,,,,,,,,,,,,,,,,,,,,,,,,,,,,,,,,,,,,,,,,,,,,,,,,,,,,,,,,,,,,,,,,,,,,,,,,,,,,,,,,,,,,,,,,,,,,,,,,,,,,,,,,,,,,,,,,,,,,,,,,,,,,,,,,,,,,,,,,,,,,,,,,,,,,,,,,,,,,,,,,,,,,,,,,,,,,,,,,,,,,,,,,,,,,,,,,,,,,,,,,,,,,,,,,,,,
28,아세아시멘트,,,,,와이더플래닛,,,,,,,,,,,,,,,,,,,,,,,,,,,,,,,,,,,,,,,,,,,,,,,,,,,,,,,,,,,,,,,,,,,,,,,,,,,,,,,,,,,,,,,,,,,,,,,,,,,,,,,,,,,,,,,,,,,,,,,,,,,,,,,,,,,,,,,,,,,,,,,,,,,,,,,,,,,,,,,,,,,,,,,,,,,,,,,,,,,,,,,,,,,,,,,,,,,,,,,,,,,,,,,,,,,,,,,,,,,,,,,,,,,,,,,,,,,,,,,,,,,,,,,,,,,,,,,,
29,아세아제지,,,,,에이프로,,,,,,,,,,,,,,,,,,,,,,,,,,,,,,,,,,,,,,,,,,,,,,,,,,,,,,,,,,,,,,,,,,,,,,,,,,,,,,,,,,,,,,,,,,,,,,,,,,,,,,,,,,,,,,,,,,,,,,,,,,,,,,,,,,,,,,,,,,,,,,,,,,,,,,,,,,,,,,,,,,,,,,,,,,,,,,,,,,,,,,,,,,,,,,,,,,,,,,,,,,,,,,,,,,,,,,,,,,,,,,,,,,,,,,,,,,,,,,,,,,,,,,,,,,,,,,,,
30,휴온스,,,,,,,,,,,,,,,,,,,,,,,,,,,,,,,,,,,,,,,,,,,,,,,,,,,,,,,,,,,,,,,,,,,,,,,,,,,,,,,,,,,,,,,,,,,,,,,,,,,,,,,,,,,,,,,,,,,,,,,,,,,,,,,,,,,,,,,,,,,,,,,,,,,,,,,,,,,,,,,,,,,,,,,,,,,,,,,,,,,,,,,,,,,,,,,,,,,,,,,,,,,,,,,,,,,,,,,,,,,,,,,,,,,,,,,,,,,,,,,,,,,,,,,,,,,,,,,,,,,,,
31,동운아나텍,,,,,,,,,,,,,,,,,,,,,,,,,,,,,,,,,,,,,,,,,,,,,,,,,,,,,,,,,,,,,,,,,,,,,,,,,,,,,,,,,,,,,,,,,,,,,,,,,,,,,,,,,,,,,,,,,,,,,,,,,,,,,,,,,,,,,,,,,,,,,,,,,,,,,,,,,,,,,,,,,,,,,,,,,,,,,,,,,,,,,,,,,,,,,,,,,,,,,,,,,,,,,,,,,,,,,,,,,,,,,,,,,,,,,,,,,,,,,,,,,,,,,,,,,,,,,,,,,,,,,
32,한진,,,,,,,,,,,,,,,,,,,,,,,,,,,,,,,,,,,,,,,,,,,,,,,,,,,,,,,,,,,,,,,,,,,,,,,,,,,,,,,,,,,,,,,,,,,,,,,,,,,,,,,,,,,,,,,,,,,,,,,,,,,,,,,,,,,,,,,,,,,,,,,,,,,,,,,,,,,,,,,,,,,,,,,,,,,,,,,,,,,,,,,,,,,,,,,,,,,,,,,,,,,,,,,,,,,,,,,,,,,,,,,,,,,,,,,,,,,,,,,,,,,,,,,,,,,,,,,,,,,,,
33,KG이니시스,,,,,,,,,,,,,,,,,,,,,,,,,,,,,,,,,,,,,,,,,,,,,,,,,,,,,,,,,,,,,,,,,,,,,,,,,,,,,,,,,,,,,,,,,,,,,,,,,,,,,,,,,,,,,,,,,,,,,,,,,,,,,,,,,,,,,,,,,,,,,,,,,,,,,,,,,,,,,,,,,,,,,,,,,,,,,,,,,,,,,,,,,,,,,,,,,,,,,,,,,,,,,,,,,,,,,,,,,,,,,,,,,,,,,,,,,,,,,,,,,,,,,,,,,,,,,,,,,,,,,
34,송원산업,,,,,,,,,,,,,,,,,,,,,,,,,,,,,,,,,,,,,,,,,,,,,,,,,,,,,,,,,,,,,,,,,,,,,,,,,,,,,,,,,,,,,,,,,,,,,,,,,,,,,,,,,,,,,,,,,,,,,,,,,,,,,,,,,,,,,,,,,,,,,,,,,,,,,,,,,,,,,,,,,,,,,,,,,,,,,,,,,,,,,,,,,,,,,,,,,,,,,,,,,,,,,,,,,,,,,,,,,,,,,,,,,,,,,,,,,,,,,,,,,,,,,,,,,,,,,,,,,,,,,
35,디이엔티,,,,,,,,,,,,,,,,,,,,,,,,,,,,,,,,,,,,,,,,,,,,,,,,,,,,,,,,,,,,,,,,,,,,,,,,,,,,,,,,,,,,,,,,,,,,,,,,,,,,,,,,,,,,,,,,,,,,,,,,,,,,,,,,,,,,,,,,,,,,,,,,,,,,,,,,,,,,,,,,,,,,,,,,,,,,,,,,,,,,,,,,,,,,,,,,,,,,,,,,,,,,,,,,,,,,,,,,,,,,,,,,,,,,,,,,,,,,,,,,,,,,,,,,,,,,,,,,,,,,,
36,흥국화재,,,,,,,,,,,,,,,,,,,,,,,,,,,,,,,,,,,,,,,,,,,,,,,,,,,,,,,,,,,,,,,,,,,,,,,,,,,,,,,,,,,,,,,,,,,,,,,,,,,,,,,,,,,,,,,,,,,,,,,,,,,,,,,,,,,,,,,,,,,,,,,,,,,,,,,,,,,,,,,,,,,,,,,,,,,,,,,,,,,,,,,,,,,,,,,,,,,,,,,,,,,,,,,,,,,,,,,,,,,,,,,,,,,,,,,,,,,,,,,,,,,,,,,,,,,,,,,,,,,,,
37,다날,,,,,,,,,,,,,,,,,,,,,,,,,,,,,,,,,,,,,,,,,,,,,,,,,,,,,,,,,,,,,,,,,,,,,,,,,,,,,,,,,,,,,,,,,,,,,,,,,,,,,,,,,,,,,,,,,,,,,,,,,,,,,,,,,,,,,,,,,,,,,,,,,,,,,,,,,,,,,,,,,,,,,,,,,,,,,,,,,,,,,,,,,,,,,,,,,,,,,,,,,,,,,,,,,,,,,,,,,,,,,,,,,,,,,,,,,,,,,,,,,,,,,,,,,,,,,,,,,,,,,
38,SK증권,,,,,,,,,,,,,,,,,,,,,,,,,,,,,,,,,,,,,,,,,,,,,,,,,,,,,,,,,,,,,,,,,,,,,,,,,,,,,,,,,,,,,,,,,,,,,,,,,,,,,,,,,,,,,,,,,,,,,,,,,,,,,,,,,,,,,,,,,,,,,,,,,,,,,,,,,,,,,,,,,,,,,,,,,,,,,,,,,,,,,,,,,,,,,,,,,,,,,,,,,,,,,,,,,,,,,,,,,,,,,,,,,,,,,,,,,,,,,,,,,,,,,,,,,,,,,,,,,,,,,
39,에스티큐브,,,,,,,,,,,,,,,,,,,,,,,,,,,,,,,,,,,,,,,,,,,,,,,,,,,,,,,,,,,,,,,,,,,,,,,,,,,,,,,,,,,,,,,,,,,,,,,,,,,,,,,,,,,,,,,,,,,,,,,,,,,,,,,,,,,,,,,,,,,,,,,,,,,,,,,,,,,,,,,,,,,,,,,,,,,,,,,,,,,,,,,,,,,,,,,,,,,,,,,,,,,,,,,,,,,,,,,,,,,,,,,,,,,,,,,,,,,,,,,,,,,,,,,,,,,,,,,,,,,,,
40,서울가스,,,,,,,,,,,,,,,,,,,,,,,,,,,,,,,,,,,,,,,,,,,,,,,,,,,,,,,,,,,,,,,,,,,,,,,,,,,,,,,,,,,,,,,,,,,,,,,,,,,,,,,,,,,,,,,,,,,,,,,,,,,,,,,,,,,,,,,,,,,,,,,,,,,,,,,,,,,,,,,,,,,,,,,,,,,,,,,,,,,,,,,,,,,,,,,,,,,,,,,,,,,,,,,,,,,,,,,,,,,,,,,,,,,,,,,,,,,,,,,,,,,,,,,,,,,,,,,,,,,,,
41,서흥,,,,,,,,,,,,,,,,,,,,,,,,,,,,,,,,,,,,,,,,,,,,,,,,,,,,,,,,,,,,,,,,,,,,,,,,,,,,,,,,,,,,,,,,,,,,,,,,,,,,,,,,,,,,,,,,,,,,,,,,,,,,,,,,,,,,,,,,,,,,,,,,,,,,,,,,,,,,,,,,,,,,,,,,,,,,,,,,,,,,,,,,,,,,,,,,,,,,,,,,,,,,,,,,,,,,,,,,,,,,,,,,,,,,,,,,,,,,,,,,,,,,,,,,,,,,,,,,,,,,,
42,케이티알파,,,,,,,,,,,,,,,,,,,,,,,,,,,,,,,,,,,,,,,,,,,,,,,,,,,,,,,,,,,,,,,,,,,,,,,,,,,,,,,,,,,,,,,,,,,,,,,,,,,,,,,,,,,,,,,,,,,,,,,,,,,,,,,,,,,,,,,,,,,,,,,,,,,,,,,,,,,,,,,,,,,,,,,,,,,,,,,,,,,,,,,,,,,,,,,,,,,,,,,,,,,,,,,,,,,,,,,,,,,,,,,,,,,,,,,,,,,,,,,,,,,,,,,,,,,,,,,,,,,,,
43,동화약품,,,,,,,,,,,,,,,,,,,,,,,,,,,,,,,,,,,,,,,,,,,,,,,,,,,,,,,,,,,,,,,,,,,,,,,,,,,,,,,,,,,,,,,,,,,,,,,,,,,,,,,,,,,,,,,,,,,,,,,,,,,,,,,,,,,,,,,,,,,,,,,,,,,,,,,,,,,,,,,,,,,,,,,,,,,,,,,,,,,,,,,,,,,,,,,,,,,,,,,,,,,,,,,,,,,,,,,,,,,,,,,,,,,,,,,,,,,,,,,,,,,,,,,,,,,,,,,,,,,,,
44,동원개발,,,,,,,,,,,,,,,,,,,,,,,,,,,,,,,,,,,,,,,,,,,,,,,,,,,,,,,,,,,,,,,,,,,,,,,,,,,,,,,,,,,,,,,,,,,,,,,,,,,,,,,,,,,,,,,,,,,,,,,,,,,,,,,,,,,,,,,,,,,,,,,,,,,,,,,,,,,,,,,,,,,,,,,,,,,,,,,,,,,,,,,,,,,,,,,,,,,,,,,,,,,,,,,,,,,,,,,,,,,,,,,,,,,,,,,,,,,,,,,,,,,,,,,,,,,,,,,,,,,,,
45,남선알미늄,,,,,,,,,,,,,,,,,,,,,,,,,,,,,,,,,,,,,,,,,,,,,,,,,,,,,,,,,,,,,,,,,,,,,,,,,,,,,,,,,,,,,,,,,,,,,,,,,,,,,,,,,,,,,,,,,,,,,,,,,,,,,,,,,,,,,,,,,,,,,,,,,,,,,,,,,,,,,,,,,,,,,,,,,,,,,,,,,,,,,,,,,,,,,,,,,,,,,,,,,,,,,,,,,,,,,,,,,,,,,,,,,,,,,,,,,,,,,,,,,,,,,,,,,,,,,,,,,,,,,
46,나무가,,,,,,,,,,,,,,,,,,,,,,,,,,,,,,,,,,,,,,,,,,,,,,,,,,,,,,,,,,,,,,,,,,,,,,,,,,,,,,,,,,,,,,,,,,,,,,,,,,,,,,,,,,,,,,,,,,,,,,,,,,,,,,,,,,,,,,,,,,,,,,,,,,,,,,,,,,,,,,,,,,,,,,,,,,,,,,,,,,,,,,,,,,,,,,,,,,,,,,,,,,,,,,,,,,,,,,,,,,,,,,,,,,,,,,,,,,,,,,,,,,,,,,,,,,,,,,,,,,,,,
47,드림어스컴퍼니,,,,,,,,,,,,,,,,,,,,,,,,,,,,,,,,,,,,,,,,,,,,,,,,,,,,,,,,,,,,,,,,,,,,,,,,,,,,,,,,,,,,,,,,,,,,,,,,,,,,,,,,,,,,,,,,,,,,,,,,,,,,,,,,,,,,,,,,,,,,,,,,,,,,,,,,,,,,,,,,,,,,,,,,,,,,,,,,,,,,,,,,,,,,,,,,,,,,,,,,,,,,,,,,,,,,,,,,,,,,,,,,,,,,,,,,,,,,,,,,,,,,,,,,,,,,,,,,,,,,,
48,아이티센,,,,,,,,,,,,,,,,,,,,,,,,,,,,,,,,,,,,,,,,,,,,,,,,,,,,,,,,,,,,,,,,,,,,,,,,,,,,,,,,,,,,,,,,,,,,,,,,,,,,,,,,,,,,,,,,,,,,,,,,,,,,,,,,,,,,,,,,,,,,,,,,,,,,,,,,,,,,,,,,,,,,,,,,,,,,,,,,,,,,,,,,,,,,,,,,,,,,,,,,,,,,,,,,,,,,,,,,,,,,,,,,,,,,,,,,,,,,,,,,,,,,,,,,,,,,,,,,,,,,,
49,경방,,,,,,,,,,,,,,,,,,,,,,,,,,,,,,,,,,,,,,,,,,,,,,,,,,,,,,,,,,,,,,,,,,,,,,,,,,,,,,,,,,,,,,,,,,,,,,,,,,,,,,,,,,,,,,,,,,,,,,,,,,,,,,,,,,,,,,,,,,,,,,,,,,,,,,,,,,,,,,,,,,,,,,,,,,,,,,,,,,,,,,,,,,,,,,,,,,,,,,,,,,,,,,,,,,,,,,,,,,,,,,,,,,,,,,,,,,,,,,,,,,,,,,,,,,,,,,,,,,,,,
50,알서포트,,,,,,,,,,,,,,,,,,,,,,,,,,,,,,,,,,,,,,,,,,,,,,,,,,,,,,,,,,,,,,,,,,,,,,,,,,,,,,,,,,,,,,,,,,,,,,,,,,,,,,,,,,,,,,,,,,,,,,,,,,,,,,,,,,,,,,,,,,,,,,,,,,,,,,,,,,,,,,,,,,,,,,,,,,,,,,,,,,,,,,,,,,,,,,,,,,,,,,,,,,,,,,,,,,,,,,,,,,,,,,,,,,,,,,,,,,,,,,,,,,,,,,,,,,,,,,,,,,,,,
51,동양,,,,,,,,,,,,,,,,,,,,,,,,,,,,,,,,,,,,,,,,,,,,,,,,,,,,,,,,,,,,,,,,,,,,,,,,,,,,,,,,,,,,,,,,,,,,,,,,,,,,,,,,,,,,,,,,,,,,,,,,,,,,,,,,,,,,,,,,,,,,,,,,,,,,,,,,,,,,,,,,,,,,,,,,,,,,,,,,,,,,,,,,,,,,,,,,,,,,,,,,,,,,,,,,,,,,,,,,,,,,,,,,,,,,,,,,,,,,,,,,,,,,,,,,,,,,,,,,,,,,,
52,롯데하이마트,,,,,,,,,,,,,,,,,,,,,,,,,,,,,,,,,,,,,,,,,,,,,,,,,,,,,,,,,,,,,,,,,,,,,,,,,,,,,,,,,,,,,,,,,,,,,,,,,,,,,,,,,,,,,,,,,,,,,,,,,,,,,,,,,,,,,,,,,,,,,,,,,,,,,,,,,,,,,,,,,,,,,,,,,,,,,,,,,,,,,,,,,,,,,,,,,,,,,,,,,,,,,,,,,,,,,,,,,,,,,,,,,,,,,,,,,,,,,,,,,,,,,,,,,,,,,,,,,,,,,
53,네오위즈홀딩스,,,,,,,,,,,,,,,,,,,,,,,,,,,,,,,,,,,,,,,,,,,,,,,,,,,,,,,,,,,,,,,,,,,,,,,,,,,,,,,,,,,,,,,,,,,,,,,,,,,,,,,,,,,,,,,,,,,,,,,,,,,,,,,,,,,,,,,,,,,,,,,,,,,,,,,,,,,,,,,,,,,,,,,,,,,,,,,,,,,,,,,,,,,,,,,,,,,,,,,,,,,,,,,,,,,,,,,,,,,,,,,,,,,,,,,,,,,,,,,,,,,,,,,,,,,,,,,,,,,,,
54,다올투자증권,,,,,,,,,,,,,,,,,,,,,,,,,,,,,,,,,,,,,,,,,,,,,,,,,,,,,,,,,,,,,,,,,,,,,,,,,,,,,,,,,,,,,,,,,,,,,,,,,,,,,,,,,,,,,,,,,,,,,,,,,,,,,,,,,,,,,,,,,,,,,,,,,,,,,,,,,,,,,,,,,,,,,,,,,,,,,,,,,,,,,,,,,,,,,,,,,,,,,,,,,,,,,,,,,,,,,,,,,,,,,,,,,,,,,,,,,,,,,,,,,,,,,,,,,,,,,,,,,,,,,
55,한국정보인증,,,,,,,,,,,,,,,,,,,,,,,,,,,,,,,,,,,,,,,,,,,,,,,,,,,,,,,,,,,,,,,,,,,,,,,,,,,,,,,,,,,,,,,,,,,,,,,,,,,,,,,,,,,,,,,,,,,,,,,,,,,,,,,,,,,,,,,,,,,,,,,,,,,,,,,,,,,,,,,,,,,,,,,,,,,,,,,,,,,,,,,,,,,,,,,,,,,,,,,,,,,,,,,,,,,,,,,,,,,,,,,,,,,,,,,,,,,,,,,,,,,,,,,,,,,,,,,,,,,,,
56,키다리스튜디오,,,,,,,,,,,,,,,,,,,,,,,,,,,,,,,,,,,,,,,,,,,,,,,,,,,,,,,,,,,,,,,,,,,,,,,,,,,,,,,,,,,,,,,,,,,,,,,,,,,,,,,,,,,,,,,,,,,,,,,,,,,,,,,,,,,,,,,,,,,,,,,,,,,,,,,,,,,,,,,,,,,,,,,,,,,,,,,,,,,,,,,,,,,,,,,,,,,,,,,,,,,,,,,,,,,,,,,,,,,,,,,,,,,,,,,,,,,,,,,,,,,,,,,,,,,,,,,,,,,,,
57,KG모빌리언스,,,,,,,,,,,,,,,,,,,,,,,,,,,,,,,,,,,,,,,,,,,,,,,,,,,,,,,,,,,,,,,,,,,,,,,,,,,,,,,,,,,,,,,,,,,,,,,,,,,,,,,,,,,,,,,,,,,,,,,,,,,,,,,,,,,,,,,,,,,,,,,,,,,,,,,,,,,,,,,,,,,,,,,,,,,,,,,,,,,,,,,,,,,,,,,,,,,,,,,,,,,,,,,,,,,,,,,,,,,,,,,,,,,,,,,,,,,,,,,,,,,,,,,,,,,,,,,,,,,,,
58,AK홀딩스,,,,,,,,,,,,,,,,,,,,,,,,,,,,,,,,,,,,,,,,,,,,,,,,,,,,,,,,,,,,,,,,,,,,,,,,,,,,,,,,,,,,,,,,,,,,,,,,,,,,,,,,,,,,,,,,,,,,,,,,,,,,,,,,,,,,,,,,,,,,,,,,,,,,,,,,,,,,,,,,,,,,,,,,,,,,,,,,,,,,,,,,,,,,,,,,,,,,,,,,,,,,,,,,,,,,,,,,,,,,,,,,,,,,,,,,,,,,,,,,,,,,,,,,,,,,,,,,,,,,,
59,한국캐피탈,,,,,,,,,,,,,,,,,,,,,,,,,,,,,,,,,,,,,,,,,,,,,,,,,,,,,,,,,,,,,,,,,,,,,,,,,,,,,,,,,,,,,,,,,,,,,,,,,,,,,,,,,,,,,,,,,,,,,,,,,,,,,,,,,,,,,,,,,,,,,,,,,,,,,,,,,,,,,,,,,,,,,,,,,,,,,,,,,,,,,,,,,,,,,,,,,,,,,,,,,,,,,,,,,,,,,,,,,,,,,,,,,,,,,,,,,,,,,,,,,,,,,,,,,,,,,,,,,,,,,
60,와이지-원,,,,,,,,,,,,,,,,,,,,,,,,,,,,,,,,,,,,,,,,,,,,,,,,,,,,,,,,,,,,,,,,,,,,,,,,,,,,,,,,,,,,,,,,,,,,,,,,,,,,,,,,,,,,,,,,,,,,,,,,,,,,,,,,,,,,,,,,,,,,,,,,,,,,,,,,,,,,,,,,,,,,,,,,,,,,,,,,,,,,,,,,,,,,,,,,,,,,,,,,,,,,,,,,,,,,,,,,,,,,,,,,,,,,,,,,,,,,,,,,,,,,,,,,,,,,,,,,,,,,,
61,서울옥션,,,,,,,,,,,,,,,,,,,,,,,,,,,,,,,,,,,,,,,,,,,,,,,,,,,,,,,,,,,,,,,,,,,,,,,,,,,,,,,,,,,,,,,,,,,,,,,,,,,,,,,,,,,,,,,,,,,,,,,,,,,,,,,,,,,,,,,,,,,,,,,,,,,,,,,,,,,,,,,,,,,,,,,,,,,,,,,,,,,,,,,,,,,,,,,,,,,,,,,,,,,,,,,,,,,,,,,,,,,,,,,,,,,,,,,,,,,,,,,,,,,,,,,,,,,,,,,,,,,,,
