구분,종목명,,20250224,20250225,20250226,20250227,20250228,20250304,20250305,20250306,20250307,20250310
연기금,AJ네트웍스,,0.0,,,,0.0,-0.0,0.0,0.0,0.0,-0.0
연기금,AK홀딩스,,,,,,0.0,0.0,0.0,,,-0.0
연기금,AP시스템,,0.0,0.0,0.0,-0.0,,,,-0.0,,
연기금,BGF,,,0.0,,,0.0,-0.0,0.0,,,
연기금,BGF리테일,,8.0,5.0,3.0,-4.0,3.0,-1.0,-0.0,-3.0,-0.0,-0.0
연기금,BNK금융지주,,16.0,-6.0,-2.0,-7.0,-43.0,-24.0,-37.0,-34.0,-26.0,-17.0
연기금,BYC,,,,,,0.0,0.0,0.0,,0.0,
연기금,CJ,,-0.0,3.0,49.0,3.0,0.0,-9.0,-2.0,9.0,-3.0,-1.0
연기금,CJ CGV,,0.0,,,0.0,0.0,0.0,0.0,,,-1.0
연기금,CJ ENM,,7.0,-0.0,0.0,-1.0,2.0,,-2.0,-1.0,-4.0,-4.0
연기금,CJ4우(전환),,,0.0,0.0,-0.0,-0.0,,,,,
연기금,CJ대한통운,,-0.0,12.0,1.0,-7.0,-6.0,-11.0,3.0,6.0,0.0,2.0
연기금,CJ씨푸드,,,0.0,,,0.0,-0.0,0.0,,0.0,
연기금,CJ제일제당,,-1.0,-36.0,-13.0,7.0,-3.0,7.0,2.0,25.0,67.0,19.0
연기금,CJ프레시웨이,,-1.0,0.0,,,,,,-0.0,-0.0,1.0
연기금,CR홀딩스,,,,,,0.0,0.0,0.0,,0.0,
연기금,CS홀딩스,,,,,,0.0,,,,,
연기금,DB,,,,,,0.0,0.0,-0.0,,0.0,
연기금,DB금융투자,,,,,,0.0,0.0,0.0,,0.0,
연기금,DB손해보험,,-3.0,-6.0,-0.0,0.0,8.0,0.0,4.0,2.0,0.0,3.0
연기금,DB하이텍,,-11.0,3.0,2.0,4.0,0.0,16.0,18.0,-39.0,4.0,9.0
연기금,DGB금융지주,,7.0,2.0,4.0,12.0,13.0,6.0,3.0,-0.0,2.0,2.0
연기금,DI동일,,1.0,,0.0,,-1.0,,,,-1.0,
연기금,DL,,1.0,0.0,5.0,0.0,-0.0,-1.0,2.0,4.0,8.0,3.0
연기금,DL이앤씨,,1.0,20.0,30.0,0.0,-7.0,5.0,-5.0,1.0,63.0,9.0
연기금,DL이앤씨2우(전환),,,,,,,,,,,
연기금,DN오토모티브,,6.0,3.0,2.0,1.0,2.0,1.0,2.0,2.0,2.0,2.0
연기금,DRB동일,,,,,,0.0,,,,0.0,
연기금,DSR,,,,0.0,0.0,0.0,,,,,
연기금,DS단석,,,,,-1.0,0.0,-0.0,0.0,,-3.0,
연기금,DXVX,,,,,,,,,,,
연기금,E1,,0.0,-0.0,-0.0,-1.0,0.0,0.0,-2.0,0.0,,
연기금,F&F,,4.0,1.0,-2.0,-0.0,-4.0,1.0,1.0,-2.0,6.0,-2.0
연기금,F&F홀딩스,,,,,,0.0,0.0,0.0,,0.0,0.0
연기금,GH신소재,,,,,,,,,,,
연기금,GKL,,-1.0,-2.0,-1.0,-2.0,-1.0,-2.0,-0.0,-0.0,-1.0,-1.0
연기금,GRT,,,,,,,,,,,
연기금,GS,,16.0,24.0,19.0,-37.0,-4.0,-30.0,-30.0,-15.0,-11.0,6.0
연기금,GST,,4.0,0.0,0.0,,2.0,,,-0.0,,-0.0
연기금,GS건설,,3.0,6.0,5.0,-3.0,-1.0,-5.0,-4.0,0.0,7.0,9.0
연기금,GS글로벌,,,-0.0,,,0.0,-0.0,0.0,,0.0,
연기금,GS리테일,,3.0,3.0,1.0,4.0,3.0,-1.0,-6.0,-1.0,-1.0,3.0
연기금,GS피앤엘,,-1.0,-2.0,-1.0,-1.0,-3.0,-4.0,-1.0,-3.0,-3.0,-4.0
연기금,HB테크놀러지,,,,,,,,,,,
연기금,HDC,,1.0,1.0,0.0,-0.0,1.0,0.0,0.0,1.0,0.0,1.0
연기금,HDC랩스,,-1.0,0.0,,,0.0,0.0,0.0,0.0,0.0,0.0
연기금,HDC현대EP,,,,,,0.0,0.0,0.0,,0.0,
연기금,HDC현대산업개발,,9.0,24.0,4.0,2.0,0.0,0.0,3.0,1.0,4.0,7.0
연기금,HD한국조선해양,,40.0,97.0,78.0,29.0,9.0,28.0,71.0,21.0,-24.0,-9.0
연기금,HD현대,,-6.0,7.0,-0.0,4.0,-4.0,19.0,7.0,0.0,-11.0,-5.0
연기금,HD현대건설기계,,19.0,6.0,5.0,-0.0,-2.0,7.0,33.0,5.0,3.0,-3.0
연기금,HD현대마린솔루션,,25.0,-20.0,11.0,-0.0,-19.0,43.0,57.0,43.0,-1.0,16.0
연기금,HD현대마린엔진,,-0.0,1.0,-1.0,-5.0,-1.0,-6.0,5.0,1.0,-2.0,8.0
연기금,HD현대미포,,21.0,38.0,2.0,8.0,-2.0,10.0,8.0,4.0,-4.0,-26.0
연기금,HD현대에너지솔루션,,9.0,2.0,1.0,13.0,1.0,0.0,0.0,1.0,3.0,0.0
연기금,HD현대인프라코어,,17.0,4.0,7.0,1.0,1.0,-3.0,45.0,14.0,53.0,8.0
연기금,HD현대일렉트릭,,-13.0,53.0,-43.0,11.0,33.0,-26.0,16.0,-21.0,1.0,48.0
연기금,HD현대중공업,,64.0,29.0,-6.0,18.0,49.0,133.0,47.0,112.0,47.0,23.0
연기금,HJ중공업,,,,,-1.0,0.0,6.0,-1.0,-35.0,2.0,-1.0
연기금,HK이노엔,,2.0,1.0,0.0,-0.0,7.0,14.0,8.0,5.0,,-0.0
연기금,HL D&I,,,,,,0.0,,,,,0.0
연기금,HLB,,17.0,5.0,6.0,32.0,-2.0,10.0,4.0,-8.0,1.0,-7.0
연기금,HLB글로벌,,,,,,0.0,,,,,
연기금,HLB바이오스텝,,,,,,,,,,,
연기금,HLB생명과학,,0.0,,0.0,1.0,,,,-10.0,,-26.0
연기금,HLB테라퓨틱스,,,,,,,,,,,-2.0
연기금,HL만도,,-3.0,-11.0,5.0,10.0,-2.0,9.0,16.0,2.0,-3.0,7.0
연기금,HL홀딩스,,,6.0,-0.0,-0.0,2.0,0.0,0.0,,,0.0
연기금,HMM,,-634.0,-351.0,-26.0,9.0,24.0,15.0,90.0,69.0,85.0,69.0
연기금,HPSP,,-5.0,0.0,-1.0,-12.0,-3.0,1.0,0.0,-7.0,-0.0,-0.0
연기금,HS애드,,,,,,0.0,,,,0.0,
연기금,HS화성,,,,,,0.0,,,,,
연기금,HS효성,,-0.0,-0.0,-0.0,-0.0,-0.0,-0.0,-0.0,-0.0,-0.0,-0.0
연기금,HS효성첨단소재,,0.0,0.0,0.0,0.0,0.0,-0.0,3.0,0.0,0.0,-7.0
연기금,ISC,,9.0,0.0,-1.0,2.0,-5.0,-22.0,,-41.0,3.0,-9.0
연기금,JB금융지주,,2.0,-0.0,-2.0,-15.0,-11.0,1.0,-14.0,-10.0,-18.0,-19.0
연기금,JW생명과학,,,,,,0.0,0.0,0.0,,0.0,
연기금,JW중외제약,,0.0,-0.0,-1.0,0.0,0.0,0.0,2.0,2.0,,0.0
연기금,JW홀딩스,,,0.0,,,0.0,0.0,0.0,,0.0,
연기금,JYP Ent.,,-9.0,6.0,-12.0,15.0,9.0,-7.0,-25.0,-6.0,24.0,-34.0
연기금,KB금융,,17.0,13.0,20.0,34.0,-46.0,26.0,-87.0,-91.0,-40.0,24.0
연기금,KB발해인프라,,,,,0.0,0.0,,0.0,,,
연기금,KCC,,1.0,19.0,11.0,-3.0,11.0,1.0,3.0,18.0,-2.0,36.0
연기금,KCC글라스,,,,-0.0,0.0,0.0,0.0,0.0,1.0,-0.0,-0.0
연기금,KCI,,,,,,,,,,,
연기금,KCTC,,,,,,0.0,0.0,0.0,,0.0,
연기금,KEC,,,,,,0.0,,,,,
연기금,KG모빌리언스,,,,,,,,,,,
연기금,KG모빌리티,,1.0,1.0,5.0,2.0,0.0,5.0,5.0,5.0,7.0,3.0
연기금,KG스틸,,3.0,,,0.0,5.0,0.0,8.0,18.0,3.0,2.0
연기금,KG이니시스,,,,,,,,,,,
연기금,KG케미칼,,,0.0,,1.0,-1.0,0.0,0.0,,0.0,
연기금,KH바텍,,,,1.0,,,,,,,
연기금,KISCO홀딩스,,,,,,0.0,0.0,0.0,,,
연기금,KPX케미칼,,,0.0,,,0.0,0.0,-0.0,,,
연기금,KPX홀딩스,,,,0.0,0.0,0.0,0.0,-0.0,-0.0,,
연기금,KSS해운,,-2.0,,0.0,,0.0,0.0,0.0,-0.0,0.0,
연기금,KT,,12.0,12.0,9.0,14.0,1.0,15.0,-13.0,17.0,-5.0,-2.0
연기금,KT&G,,-9.0,19.0,38.0,-23.0,65.0,-10.0,-10.0,-27.0,-15.0,-5.0
연기금,KTcs,,,,,,0.0,0.0,0.0,,,
연기금,KTis,,,,,,0.0,,,,0.0,
연기금,KX,,,,,,,,,,,
연기금,LB세미콘,,,-0.0,-0.0,,,,,-0.0,,-0.0
연기금,LF,,0.0,1.0,0.0,-0.0,0.0,0.0,0.0,-0.0,,-2.0
연기금,LG,,-21.0,-18.0,-13.0,11.0,-5.0,-10.0,-19.0,3.0,-13.0,5.0
연기금,LG디스플레이,,-1.0,0.0,1.0,-3.0,1.0,0.0,-0.0,-4.0,-2.0,0.0
연기금,LG생활건강,,1.0,-8.0,5.0,23.0,-19.0,-15.0,-2.0,6.0,7.0,-2.0
연기금,LG씨엔에스,,1.0,1.0,0.0,28.0,7.0,17.0,7.0,156.0,96.0,59.0
연기금,LG에너지솔루션,,101.0,28.0,-22.0,22.0,37.0,-137.0,-47.0,-62.0,73.0,120.0
연기금,LG유플러스,,7.0,-3.0,22.0,9.0,16.0,17.0,3.0,8.0,-12.0,-1.0
연기금,LG이노텍,,5.0,2.0,-36.0,69.0,21.0,12.0,24.0,154.0,42.0,8.0
연기금,LG전자,,37.0,-14.0,5.0,-4.0,-1.0,-3.0,-25.0,-21.0,-27.0,-34.0
연기금,LG헬로비전,,,,,,0.0,0.0,0.0,,0.0,
연기금,LG화학,,34.0,12.0,-11.0,-9.0,-4.0,-4.0,-1.0,-17.0,68.0,27.0
연기금,LIG넥스원,,-36.0,10.0,-57.0,-21.0,0.0,49.0,33.0,19.0,-56.0,-7.0
연기금,LK삼양,,,,,,,,,,,
연기금,LS,,-3.0,0.0,-15.0,7.0,-17.0,0.0,-42.0,-54.0,-137.0,-42.0
연기금,LS ELECTRIC,,-68.0,-6.0,-33.0,-24.0,-32.0,58.0,-10.0,-144.0,-150.0,-48.0
연기금,LS네트웍스,,,,5.0,,0.0,0.0,0.0,,-2.0,
연기금,LS마린솔루션,,0.0,,0.0,,,,,-0.0,,
연기금,LS머트리얼즈,,0.0,-3.0,0.0,,-1.0,,-0.0,,,0.0
연기금,LS에코에너지,,-8.0,-8.0,-1.0,-5.0,-2.0,-0.0,1.0,-2.0,-10.0,-5.0
연기금,LS증권,,,,,,,,,,,
연기금,LX세미콘,,2.0,6.0,-2.0,-2.0,0.0,-6.0,-6.0,2.0,0.0,-4.0
연기금,LX인터내셔널,,20.0,12.0,8.0,-64.0,-3.0,-3.0,-8.0,-9.0,1.0,-6.0
연기금,LX하우시스,,-1.0,0.0,,,0.0,0.0,0.0,,0.0,-0.0
연기금,LX홀딩스,,-1.0,-2.0,-2.0,-1.0,-0.0,-0.0,-1.0,1.0,-0.0,-1.0
연기금,M83,,,,,,,,,,,
연기금,MDS테크,,,,,,,,,,,
연기금,MH에탄올,,,,,,,,-0.0,,,
연기금,NAVER,,-0.0,-3.0,53.0,89.0,-102.0,-11.0,66.0,60.0,43.0,-17.0
연기금,NHN,,1.0,4.0,,0.0,0.0,0.0,-0.0,0.0,-0.0,0.0
연기금,NHN KCP,,,3.0,1.0,2.0,0.0,,,5.0,0.0,
연기금,NH투자증권,,-1.0,1.0,-1.0,-1.0,-4.0,2.0,5.0,8.0,4.0,-6.0
연기금,NICE,,,,0.0,0.0,0.0,0.0,-0.0,,,
연기금,NICE평가정보,,0.0,0.0,0.0,-0.0,-0.0,1.0,3.0,-0.0,1.0,-0.0
연기금,NI스틸,,,,,,0.0,0.0,0.0,,,
연기금,NPC,,,,,,0.0,0.0,0.0,,-0.0,-0.0
연기금,OCI,,1.0,1.0,2.0,1.0,0.0,0.0,1.0,-2.0,2.0,0.0
연기금,OCI홀딩스,,-1.0,-39.0,6.0,4.0,7.0,1.0,5.0,15.0,26.0,5.0
연기금,PI첨단소재,,3.0,0.0,-1.0,0.0,-4.0,0.0,-1.0,0.0,-2.0,1.0
연기금,POSCO홀딩스,,29.0,1.0,-4.0,86.0,34.0,74.0,75.0,135.0,394.0,102.0
연기금,RFHIC,,2.0,2.0,,,-1.0,,,,,
연기금,RF시스템즈,,0.0,0.0,0.0,0.0,0.0,0.0,-0.0,-1.0,0.0,
연기금,S-Oil,,-6.0,-10.0,-27.0,-17.0,-1.0,-7.0,6.0,-12.0,1.0,122.0
연기금,SAMG엔터,,,5.0,,,,,,,,
연기금,SBS,,,,1.0,4.0,0.0,0.0,0.0,2.0,1.0,1.0
연기금,SFA반도체,,,-1.0,,,,,,,,0.0
연기금,SG,,,,,,,,,,,
연기금,SGC에너지,,0.0,1.0,0.0,0.0,0.0,0.0,0.0,0.0,0.0,-0.0
연기금,SG글로벌,,,-0.0,,0.0,-0.0,0.0,0.0,,0.0,
연기금,SG세계물산,,,,,,0.0,,,,-0.0,-0.0
연기금,SH에너지화학,,,,,,,,,,,
연기금,SIMPAC,,,,,,0.0,0.0,0.0,,0.0,
연기금,SJG세종,,,,,,0.0,0.0,0.0,,0.0,
연기금,SK,,1.0,-0.0,-6.0,6.0,-5.0,-1.0,5.0,-14.0,-60.0,-36.0
연기금,SKC,,12.0,-5.0,6.0,-15.0,-3.0,-6.0,5.0,8.0,-7.0,13.0
연기금,SK가스,,4.0,-4.0,3.0,1.0,2.0,0.0,0.0,1.0,,3.0
연기금,SK네트웍스,,0.0,0.0,0.0,0.0,0.0,0.0,0.0,-0.0,-0.0,1.0
연기금,SK디스커버리,,-0.0,0.0,-1.0,-1.0,-1.0,-1.0,-6.0,-3.0,-2.0,-1.0
연기금,SK디앤디,,2.0,1.0,,,0.0,0.0,0.0,,,
연기금,SK바이오사이언스,,0.0,0.0,0.0,-11.0,5.0,3.0,1.0,5.0,9.0,0.0
연기금,SK바이오팜,,-11.0,8.0,-1.0,0.0,-15.0,0.0,-14.0,-12.0,-49.0,-1.0
연기금,SK스퀘어,,-27.0,-17.0,-5.0,-9.0,-8.0,-5.0,2.0,5.0,-4.0,-2.0
연기금,SK아이이테크놀로지,,15.0,3.0,25.0,11.0,4.0,-1.0,0.0,-0.0,0.0,2.0
연기금,SK오션플랜트,,2.0,-1.0,2.0,3.0,5.0,5.0,3.0,-1.0,4.0,6.0
연기금,SK이노베이션,,8.0,-25.0,27.0,49.0,22.0,-5.0,15.0,-6.0,-34.0,102.0
연기금,SK이터닉스,,,3.0,1.0,8.0,1.0,0.0,-0.0,,-0.0,0.0
연기금,SK증권,,,,,,0.0,,,,0.0,
연기금,SK케미칼,,0.0,1.0,0.0,1.0,-0.0,-0.0,0.0,-0.0,4.0,1.0
연기금,SK텔레콤,,15.0,-2.0,26.0,-9.0,11.0,-9.0,-8.0,-76.0,-43.0,-19.0
연기금,SK하이닉스,,-140.0,-86.0,-149.0,148.0,113.0,-67.0,41.0,54.0,54.0,107.0
연기금,SNT다이내믹스,,-3.0,-0.0,-2.0,-1.0,0.0,14.0,5.0,-2.0,1.0,-2.0
연기금,SNT모티브,,1.0,1.0,-0.0,-0.0,-0.0,0.0,0.0,0.0,-1.0,-1.0
연기금,SNT에너지,,7.0,7.0,0.0,-3.0,0.0,-0.0,1.0,1.0,0.0,-1.0
연기금,SNT홀딩스,,-1.0,1.0,0.0,-3.0,-0.0,0.0,0.0,-3.0,-0.0,-0.0
연기금,SOOP,,5.0,-3.0,2.0,-7.0,-5.0,-12.0,-10.0,-32.0,4.0,-0.0
연기금,SPC삼립,,0.0,-0.0,0.0,0.0,0.0,-1.0,-1.0,-0.0,0.0,1.0
연기금,STX,,,,,,0.0,0.0,0.0,,,
연기금,STX엔진,,2.0,1.0,-17.0,-21.0,-4.0,8.0,-0.0,-4.0,8.0,-1.0
연기금,TCC스틸,,6.0,0.0,0.0,0.0,-2.0,-3.0,0.0,-1.0,1.0,2.0
연기금,TKG휴켐스,,0.0,0.0,-1.0,-1.0,0.0,1.0,-3.0,-1.0,-1.0,-1.0
연기금,TP,,,,,,,,-0.0,,,
연기금,TS인베스트먼트,,,,,,,,,,,
연기금,TS트릴리온,,,,,,,,,,,
연기금,TYM,,,1.0,2.0,0.0,0.0,-0.0,0.0,-0.0,0.0,0.0
연기금,YG PLUS,,-0.0,,,-0.0,-0.0,0.0,0.0,,0.0,-1.0
연기금,iMBC,,,,,,,,,,,
연기금,가비아,,,,,,,,,,,
연기금,가온전선,,-10.0,-13.0,-3.0,0.0,-11.0,-5.0,3.0,0.0,-3.0,-1.0
연기금,가온칩스,,,,-7.0,,-1.0,-0.0,,-0.0,-1.0,-0.0
연기금,감성코퍼레이션,,,5.0,0.0,3.0,1.0,-0.0,,-2.0,,-0.0
연기금,강남제비스코,,,,,,0.0,0.0,0.0,,,
연기금,강동씨앤엘,,,,,,,,,,,
연기금,강원랜드,,7.0,-6.0,1.0,-4.0,-11.0,-23.0,-18.0,-17.0,-18.0,4.0
연기금,강원에너지,,,,,,,,,,,
연기금,갤럭시아머니트리,,,,,,,,,,,
연기금,갤럭시아에스엠,,,,,-0.0,,,,,,
연기금,경남스틸,,,,,,,,,,,
연기금,경농,,,,-0.0,,0.0,-0.0,0.0,,0.0,
연기금,경동나비엔,,5.0,4.0,16.0,5.0,3.0,3.0,-1.0,3.0,4.0,0.0
연기금,경동도시가스,,,,,,0.0,,,,,
연기금,경동인베스트,,,,,,0.0,0.0,0.0,,,
연기금,경방,,,0.0,0.0,,0.0,,0.0,0.0,,
연기금,경보제약,,,,,,,,,,,
연기금,경인양행,,,,,,0.0,0.0,0.0,,0.0,
연기금,계룡건설,,-0.0,,,,0.0,0.0,0.0,,,
연기금,계양전기,,,,,,,,,,,
연기금,고려신용정보,,,,,,,,,,,
연기금,고려아연,,0.0,-5.0,-3.0,-6.0,28.0,13.0,-2.0,-17.0,26.0,174.0
연기금,고려제강,,,-0.0,,,0.0,0.0,-0.0,0.0,0.0,
연기금,고영,,4.0,6.0,3.0,6.0,-8.0,-4.0,1.0,-1.0,-0.0,-0.0
연기금,골프존,,,1.0,,,,,-1.0,-1.0,,-0.0
연기금,공구우먼,,,,,,,,,,,
연기금,광동제약,,,0.0,-0.0,,0.0,-0.0,0.0,,0.0,
연기금,광전자,,,0.0,0.0,0.0,0.0,,,,,
연기금,광주신세계,,,1.0,,-0.0,0.0,-0.0,0.0,,,
연기금,교보증권,,1.0,,,0.0,0.0,1.0,0.0,,1.0,0.0
연기금,교촌에프앤비,,0.0,1.0,,-0.0,0.0,0.0,0.0,-3.0,-0.0,-0.0
연기금,국도화학,,-0.0,-1.0,-1.0,-1.0,0.0,0.0,-1.0,-1.0,-1.0,-1.0
연기금,국제약품,,,,,,0.0,,,,,
연기금,그리드위즈,,,,,,,,,,,
연기금,그린리소스,,,,,,,,,,,
연기금,그린케미칼,,,,,,0.0,0.0,0.0,,,
연기금,그린플러스,,-1.0,-1.0,,,,,,,-1.0,
연기금,극동유화,,,,,,0.0,0.0,0.0,,,
연기금,글로벌텍스프리,,0.0,,0.0,,4.0,,-0.0,,,
연기금,금강공업,,,0.0,-0.0,,0.0,-0.0,0.0,,0.0,0.0
연기금,금양,,-1.0,-2.0,1.0,-1.0,-1.0,-6.0,,-11.0,,
연기금,금호건설,,,,,,-0.0,,,,,
연기금,금호석유,,2.0,8.0,24.0,16.0,57.0,21.0,43.0,8.0,55.0,-6.0
연기금,금호에이치티,,,,,,0.0,,,,,
연기금,금호타이어,,0.0,0.0,0.0,-0.0,1.0,-1.0,-0.0,-0.0,2.0,-2.0
연기금,금화피에스시,,,,,,,,,,,
연기금,기가비스,,,0.0,0.0,,,,-3.0,-0.0,,-0.0
연기금,기산텔레콤,,,,,,,,,,,
연기금,기신정기,,,,,,0.0,,,,-0.0,
연기금,기아,,-9.0,-58.0,6.0,5.0,4.0,87.0,113.0,57.0,21.0,41.0
연기금,기업은행,,0.0,-1.0,0.0,-3.0,7.0,8.0,-2.0,1.0,59.0,53.0
연기금,깨끗한나라,,,,,,,,,,0.0,
연기금,나노신소재,,11.0,4.0,4.0,4.0,-6.0,4.0,,-3.0,-2.0,-2.0
연기금,나무가,,,,,,,,,,,
연기금,나스미디어,,,0.0,1.0,,,,,,,
연기금,나우IB,,,,,,,,,,,
연기금,나이스디앤비,,,,0.0,,,,,,,
연기금,나이스정보통신,,-0.0,,,,,,,,,
연기금,나인테크,,,,,,,,,,,
연기금,남광토건,,,,,,0.0,,,,,
연기금,남선알미늄,,,,,,0.0,0.0,0.0,,0.0,
연기금,남양유업,,2.0,,0.0,-0.0,1.0,0.0,0.0,,1.0,
연기금,남해화학,,,,,-0.0,0.0,-0.0,-0.0,0.0,0.0,-0.0
연기금,네오셈,,,,,,,,,-1.0,,
연기금,네오위즈,,,0.0,1.0,1.0,-1.0,1.0,1.0,0.0,0.0,
연기금,네오팜,,-0.0,0.0,-0.0,-0.0,,,-0.0,-0.0,-0.0,
연기금,네온테크,,,,,,,,,,,
연기금,네이처셀,,0.0,,,,,,,,,
연기금,네패스,,,,,,,,,,,
연기금,네패스아크,,,,,,,,,,,
연기금,넥센,,,,,,0.0,0.0,0.0,,0.0,
연기금,넥센타이어,,-3.0,-1.0,-2.0,-2.0,-2.0,-2.0,-2.0,-2.0,-1.0,-2.0
연기금,넥센타이어1우B,,-0.0,,,,,,,,,
연기금,넥스트바이오메디컬,,4.0,,,,,1.0,1.0,3.0,2.0,
연기금,넥스트아이,,,,,,,,,,,
연기금,넥스트칩,,2.0,,0.0,,,,,,,
연기금,넥스틴,,-5.0,,0.0,,,-1.0,-1.0,0.0,-9.0,0.0
연기금,넥스틸,,1.0,1.0,0.0,,1.0,20.0,7.0,-0.0,0.0,
연기금,넥슨게임즈,,0.0,,-0.0,,-5.0,,-0.0,-1.0,,-3.0
연기금,넷마블,,1.0,-1.0,-3.0,-10.0,20.0,5.0,-2.0,-4.0,-3.0,-2.0
연기금,노루페인트,,,,,,0.0,0.0,0.0,,,
연기금,노루홀딩스,,,,,-0.0,0.0,0.0,0.0,,,-0.0
연기금,노머스,,-5.0,,,,,,,,,
연기금,노바렉스,,,0.0,,,,,,,,
연기금,노바텍,,,,,,,,,,,
연기금,녹십자,,-3.0,-19.0,-1.0,-0.0,-0.0,3.0,3.0,5.0,1.0,-0.0
연기금,녹십자웰빙,,,,,,,,,,,
연기금,녹십자홀딩스,,0.0,-0.0,0.0,0.0,0.0,-0.0,1.0,1.0,1.0,1.0
연기금,농심,,2.0,-0.0,-1.0,-2.0,-2.0,-0.0,8.0,54.0,13.0,-7.0
연기금,농심홀딩스,,0.0,,0.0,,0.0,-0.0,0.0,,,0.0
연기금,농우바이오,,,,,,,,,,,
연기금,뉴로메카,,,,,,,,,,,
연기금,뉴트리,,,,,,,,,,,
연기금,뉴프렉스,,,,-1.0,,,,,,,
연기금,다스코,,,,,,,,,,,
연기금,다올투자증권,,,,,,0.0,0.0,0.0,,,0.0
연기금,다우기술,,0.0,1.0,1.0,-0.0,0.0,1.0,0.0,0.0,1.0,0.0
연기금,다우데이타,,,,,,,,,,0.0,
연기금,다원시스,,,,,,,,,,,
연기금,대교,,0.0,,0.0,,0.0,-0.0,0.0,,,-0.0
연기금,대교우B,,,,0.0,,,,0.0,,,
연기금,대덕,,,,,-0.0,0.0,0.0,0.0,,,
연기금,대덕전자,,-5.0,-6.0,0.0,0.0,-2.0,-2.0,-1.0,-10.0,0.0,-2.0
연기금,대동,,-1.0,-0.0,1.0,-1.0,6.0,0.0,-0.0,-6.0,-0.0,
연기금,대동기어,,,,,,,,,,,
연기금,대명소노시즌,,,,,,,,,,,
연기금,대명에너지,,,,,,,,,,,
연기금,대상,,4.0,5.0,3.0,0.0,4.0,0.0,8.0,-0.0,3.0,2.0
연기금,대상홀딩스,,4.0,,0.0,,0.0,2.0,2.0,,2.0,-1.0
연기금,대성산업,,,0.0,,,0.0,-0.0,0.0,,0.0,
연기금,대성에너지,,,,,,0.0,0.0,0.0,,0.0,
연기금,대성홀딩스,,,,,,0.0,0.0,0.0,,0.0,
연기금,대신정보통신,,,,,,,,,,,
연기금,대신증권,,1.0,1.0,1.0,1.0,1.0,1.0,1.0,1.0,1.0,3.0
연기금,대아티아이,,,,,,,,,,,
연기금,대양전기공업,,-2.0,0.0,1.0,,,1.0,,1.0,1.0,
연기금,대영포장,,,,,,0.0,,,,0.0,
연기금,대우건설,,0.0,0.0,-2.0,-1.0,1.0,0.0,0.0,0.0,0.0,0.0
연기금,대웅,,1.0,1.0,1.0,0.0,0.0,2.0,1.0,1.0,1.0,1.0
연기금,대웅제약,,2.0,5.0,12.0,1.0,-7.0,0.0,1.0,1.0,-0.0,2.0
연기금,대원강업,,0.0,-0.0,0.0,,0.0,0.0,0.0,-0.0,-0.0,-0.0
연기금,대원전선,,,-1.0,,,0.0,-0.0,0.0,,-1.0,
연기금,대원제약,,1.0,0.0,,,0.0,0.0,-0.0,,,-0.0
연기금,대정화금,,,,,,,,,,,
연기금,대주전자재료,,16.0,22.0,9.0,-6.0,-4.0,-11.0,6.0,4.0,1.0,7.0
연기금,대진첨단소재,,,,,,,,,-0.0,,
연기금,대창,,,,0.0,-0.0,0.0,-0.0,0.0,0.0,0.0,
연기금,대창단조,,1.0,,,-0.0,0.0,-0.0,0.0,,0.0,-0.0
연기금,대한광통신,,,,,,,,,,,
연기금,대한약품,,,,0.0,,,,,,,
연기금,대한유화,,-5.0,-3.0,1.0,-0.0,-2.0,2.0,4.0,4.0,10.0,-1.0
연기금,대한전선,,-0.0,-10.0,-1.0,-0.0,-0.0,-2.0,-0.0,-0.0,-1.0,-2.0
연기금,대한제강,,-0.0,-1.0,-0.0,-0.0,-0.0,-0.0,-0.0,-0.0,0.0,-0.0
연기금,대한제당,,,,,,0.0,0.0,0.0,,0.0,
연기금,대한제분,,,-0.0,-0.0,-0.0,0.0,0.0,0.0,,0.0,
연기금,대한항공,,8.0,-6.0,1.0,-6.0,-3.0,3.0,0.0,18.0,14.0,15.0
연기금,대한해운,,1.0,0.0,0.0,-0.0,0.0,-2.0,1.0,2.0,-1.0,-2.0
연기금,대한화섬,,,,,,0.0,0.0,0.0,,,
연기금,대현,,,,,,0.0,,,,0.0,
연기금,대화제약,,,,,,,,,,,0.0
연기금,더본코리아,,,,,0.0,0.0,-0.0,0.0,,0.0,
연기금,더블유게임즈,,0.0,-2.0,-4.0,-4.0,3.0,0.0,-0.0,-0.0,-1.0,0.0
연기금,더블유씨피,,0.0,,3.0,,-2.0,-1.0,,-1.0,-1.0,
연기금,더존비즈온,,5.0,-3.0,10.0,5.0,3.0,-1.0,17.0,8.0,14.0,-1.0
연기금,덕산네오룩스,,5.0,2.0,2.0,6.0,-3.0,4.0,5.0,1.0,10.0,3.0
연기금,덕산테코피아,,1.0,,,-4.0,-2.0,,,-4.0,,-2.0
연기금,덕산하이메탈,,,,,,,,,,,
연기금,덕성,,,,,,0.0,,,,-2.0,
연기금,덕신이피씨,,,,,,,,,,,
연기금,덕양산업,,,,,,0.0,0.0,0.0,,,
연기금,덕우전자,,,,,,,,,,,
연기금,데브시스터즈,,,0.0,,,,,,,0.0,
연기금,덴티움,,0.0,1.0,0.0,-1.0,-0.0,-1.0,-0.0,1.0,-3.0,-1.0
연기금,도화엔지니어링,,,0.0,,,0.0,-0.0,0.0,,0.0,
연기금,동국S&C,,,,,,,,,,,
연기금,동국산업,,,,,,,,,,,
연기금,동국생명과학,,,,,,,,,,,
연기금,동국씨엠,,3.0,2.0,,1.0,1.0,1.0,0.0,,2.0,-0.0
연기금,동국제강,,5.0,1.0,4.0,7.0,1.0,1.0,2.0,4.0,-0.0,1.0
연기금,동국제약,,0.0,0.0,0.0,,,,2.0,,1.0,
연기금,동국홀딩스,,1.0,1.0,,0.0,1.0,0.0,0.0,,0.0,
연기금,동남합성,,,,,,0.0,,,,,
연기금,동방,,-0.0,0.0,,,0.0,0.0,0.0,,0.0,
연기금,동방메디컬,,,,,,,,,,,
연기금,동방아그로,,,,,,0.0,,,,,
연기금,동서,,2.0,-0.0,1.0,1.0,1.0,0.0,5.0,-0.0,2.0,-0.0
연기금,동성제약,,,,,,-0.0,-0.0,-0.0,-0.0,-0.0,-0.0
연기금,동성케미컬,,,,-0.0,-0.0,0.0,0.0,-0.0,,,
연기금,동성화인텍,,11.0,48.0,6.0,-6.0,0.0,2.0,11.0,0.0,1.0,-2.0
연기금,동신건설,,,,,,,,,,,
연기금,동아쏘시오홀딩스,,6.0,1.0,1.0,1.0,1.0,3.0,1.0,1.0,1.0,1.0
연기금,동아에스티,,0.0,0.0,0.0,,0.0,0.0,0.0,,,-0.0
연기금,동아지질,,0.0,-0.0,,-0.0,-0.0,-0.0,0.0,1.0,,-0.0
연기금,동양,,,,,,0.0,,,,,
연기금,동양생명,,4.0,5.0,2.0,1.0,1.0,-0.0,2.0,2.0,1.0,1.0
연기금,동양이엔피,,0.0,0.0,,,,,,,,
연기금,동양철관,,,,,,,,,,0.0,
연기금,동원F&B,,5.0,2.0,1.0,1.0,5.0,1.0,1.0,1.0,1.0,1.0
연기금,동원금속,,,,0.0,,,,,,,
연기금,동원산업,,6.0,0.0,0.0,-0.0,0.0,-1.0,-0.0,-0.0,2.0,0.0
연기금,동원시스템즈,,0.0,0.0,0.0,0.0,0.0,-0.0,0.0,0.0,0.0,-1.0
연기금,동인기연,,0.0,-0.0,,,0.0,0.0,0.0,,,
연기금,동일고무벨트,,,,,,0.0,,,,,
연기금,동일산업,,,,,,0.0,,,,,
연기금,동진쎄미켐,,5.0,-51.0,9.0,-3.0,-5.0,-2.0,-2.0,6.0,-0.0,11.0
연기금,동화기업,,,,,,-0.0,-1.0,,-1.0,,
연기금,동화약품,,,,,,0.0,0.0,0.0,,0.0,
연기금,두산,,6.0,-12.0,-10.0,-32.0,-46.0,-20.0,-14.0,22.0,-2.0,-3.0
연기금,두산로보틱스,,-12.0,1.0,-6.0,-5.0,-2.0,-4.0,-1.0,4.0,10.0,-5.0
연기금,두산밥캣,,-8.0,-0.0,7.0,-4.0,-6.0,-11.0,-4.0,12.0,16.0,-4.0
연기금,두산에너빌리티,,-31.0,37.0,18.0,-19.0,-58.0,16.0,160.0,-13.0,-60.0,-79.0
연기금,두산테스나,,-10.0,-4.0,-13.0,-5.0,-1.0,,,-3.0,-1.0,-2.0
연기금,두산퓨얼셀,,-0.0,0.0,2.0,6.0,2.0,-2.0,-0.0,-0.0,0.0,0.0
연기금,두올,,,,,1.0,0.0,,,,0.0,
연기금,드림시큐리티,,,,,,,,,,,
연기금,드림텍,,1.0,0.0,-0.0,0.0,0.0,0.0,0.0,0.0,,
연기금,디바이스이엔지,,-0.0,,-0.0,-0.0,,,-0.0,,,
연기금,디씨엠,,,,,,0.0,0.0,0.0,,,-0.0
연기금,디아이,,2.0,7.0,-15.0,-18.0,-15.0,-38.0,-40.0,-44.0,2.0,-0.0
연기금,디아이씨,,-1.0,,,,0.0,0.0,0.0,,,
연기금,디아이티,,-0.0,-0.0,,,,,,,,
연기금,디앤디파마텍,,1.0,0.0,-5.0,1.0,0.0,2.0,0.0,0.0,,-1.0
연기금,디앤씨미디어,,-1.0,-1.0,,,,,,,,
연기금,디어유,,-6.0,5.0,4.0,3.0,13.0,11.0,-4.0,-27.0,-18.0,0.0
연기금,디엔에프,,,,,,,,,-0.0,,
연기금,디와이,,,,,,0.0,0.0,0.0,,,
연기금,디와이디,,,,,,,,,,,
연기금,디와이파워,,-0.0,1.0,0.0,-0.0,0.0,-0.0,-0.0,1.0,0.0,
연기금,디와이피엔에프,,,,,,,,,-0.0,,-0.0
연기금,디이엔티,,2.0,,,,,,,,,
연기금,디젠스,,,,,,,,,,,
연기금,디케이락,,,,,,,,,-0.0,,
연기금,디케이티,,,,,,,,,,,
연기금,딥노이드,,,0.0,0.0,,,,,,,
연기금,라이프시맨틱스,,,,-0.0,,,,,,,
연기금,램테크놀러지,,,,,,,,,,,
연기금,랩지노믹스,,,,,,,,,,,
연기금,레드캡투어,,,,,,,,,,,
연기금,레뷰코퍼레이션,,,,,,,,,,,
연기금,레이,,,,,,,,,,,
연기금,레이언스,,,,,,,,,,,
연기금,레이저옵텍,,,,,,,,,,,
연기금,레이크머티리얼즈,,0.0,,-0.0,,-3.0,-20.0,,-13.0,,-2.0
연기금,레인보우로보틱스,,-2.0,1.0,-2.0,-0.0,-43.0,0.0,22.0,-19.0,-5.0,-3.0
연기금,로보스타,,,-2.0,,,,,,,-2.0,
연기금,로보티즈,,4.0,,,,-19.0,1.0,,-0.0,,
연기금,로체시스템즈,,,-1.0,,,,,,,,
연기금,롯데관광개발,,-2.0,1.0,3.0,3.0,5.0,0.0,0.0,,3.0,0.0
연기금,롯데렌탈,,1.0,0.0,-0.0,0.0,-0.0,-0.0,-0.0,-1.0,-1.0,-1.0
연기금,롯데손해보험,,0.0,0.0,0.0,0.0,0.0,0.0,0.0,0.0,0.0,0.0
연기금,롯데쇼핑,,12.0,-5.0,-5.0,5.0,3.0,-2.0,20.0,35.0,10.0,11.0
연기금,롯데에너지머티리얼즈,,1.0,-3.0,0.0,-1.0,-1.0,-1.0,-1.0,3.0,1.0,
연기금,롯데웰푸드,,2.0,-1.0,1.0,-0.0,0.0,-1.0,2.0,-0.0,8.0,3.0
연기금,롯데이노베이트,,0.0,,,,0.0,0.0,0.0,,,
연기금,롯데정밀화학,,-0.0,-3.0,-4.0,0.0,-1.0,-6.0,13.0,-3.0,4.0,0.0
연기금,롯데지주,,2.0,0.0,0.0,0.0,1.0,2.0,7.0,23.0,5.0,2.0
연기금,롯데칠성,,0.0,1.0,3.0,-0.0,-3.0,-1.0,1.0,1.0,2.0,2.0
연기금,롯데케미칼,,16.0,19.0,43.0,4.0,33.0,9.0,118.0,47.0,85.0,38.0
연기금,롯데하이마트,,0.0,-0.0,,,0.0,0.0,0.0,,,
연기금,루닛,,-3.0,-3.0,0.0,0.0,-7.0,,-13.0,-52.0,-26.0,8.0
연기금,루미르,,,,,,,,,,,
연기금,리가켐바이오,,10.0,16.0,1.0,2.0,-4.0,23.0,11.0,8.0,6.0,6.0
연기금,리노공업,,4.0,-5.0,-5.0,8.0,-9.0,-11.0,9.0,-78.0,10.0,-3.0
연기금,리파인,,,,,,,,-0.0,-1.0,,
연기금,링네트,,,,,,,,,,,
연기금,링크제니시스,,,,,,,,,,,
연기금,마녀공장,,,,,,,,,,,
연기금,마니커,,,,,,,,-0.0,,,
연기금,마음AI,,,,,,,,,,,
연기금,마이크로디지탈,,,,,,,,,-0.0,,
연기금,마이크로컨텍솔,,1.0,2.0,,2.0,,0.0,1.0,1.0,1.0,0.0
연기금,마크로젠,,,,,,,,,,,
연기금,만호제강,,,,,,,,,,,
연기금,매일유업,,,,,,,,,,1.0,
연기금,맥쿼리인프라,,,,,0.0,0.0,0.0,10.0,,-0.0,-0.0
연기금,메가스터디,,,,,,,,,,,
연기금,메가스터디교육,,0.0,1.0,1.0,0.0,0.0,1.0,-5.0,-2.0,,-1.0
연기금,메드팩토,,,,,,,,,,,
연기금,메디아나,,,,,,,,,,,
연기금,메디톡스,,1.0,-0.0,9.0,1.0,-1.0,-1.0,-1.0,-1.0,-1.0,-14.0
연기금,메디포스트,,,,,,,,,,,
연기금,메지온,,,,,,,,,,,
연기금,멕아이씨에스,,,,,,,,,,,
연기금,명문제약,,,,,,,,,,,
연기금,명신산업,,-0.0,1.0,-1.0,0.0,-1.0,0.0,-2.0,-3.0,-4.0,-5.0
연기금,모나리자,,,1.0,-1.0,,0.0,,,,,
연기금,모나용평,,0.0,0.0,,,0.0,0.0,0.0,-0.0,-0.0,0.0
연기금,모니터랩,,,,,,,,,,,
연기금,모델솔루션,,,,,,,,,,,
연기금,모두투어,,0.0,,,,,,,-0.0,,
연기금,모비데이즈,,,,,,,,,,,
연기금,모토닉,,,0.0,,,0.0,,,,,1.0
연기금,모트렉스,,,,,,-1.0,,,,,
연기금,모티브링크,,,,,,,,,,,
연기금,무림P&P,,,0.0,,,0.0,-0.0,0.0,,1.0,1.0
연기금,무림페이퍼,,,,1.0,,0.0,,,,0.0,
연기금,무학,,,-0.0,,-0.0,0.0,-0.0,0.0,0.0,,-0.0
연기금,미래나노텍,,,,,,,,,,-1.0,
연기금,미래에셋벤처투자,,-0.0,,,,-1.0,,,,,
연기금,미래에셋생명,,0.0,-0.0,-0.0,-0.0,0.0,0.0,0.0,0.0,,
연기금,미래에셋증권,,-4.0,9.0,1.0,-5.0,0.0,-3.0,0.0,52.0,38.0,29.0
연기금,미래에셋증권2우B,,-1.0,,-3.0,-3.0,-1.0,-0.0,-2.0,-2.0,-2.0,
연기금,미원상사,,0.0,0.0,0.0,0.0,-0.0,0.0,0.0,0.0,0.0,0.0
연기금,미원에스씨,,0.0,-1.0,-0.0,0.0,0.0,0.0,0.0,,,
연기금,미원홀딩스,,,,-0.0,-0.0,0.0,,-0.0,,,
연기금,미원화학,,,,,,0.0,,,,,
연기금,미창석유,,,0.0,,,0.0,0.0,-0.0,,0.0,0.0
연기금,미코,,,,-0.0,,,,-0.0,,,
연기금,미트박스,,,,,,,,,,,
연기금,밀리의서재,,,,,,,,,,,
연기금,바디텍메드,,1.0,0.0,0.0,,2.0,,,-1.0,,-5.0
연기금,바이넥스,,-3.0,0.0,0.0,,,-3.0,-5.0,1.0,-2.0,0.0
연기금,바이브컴퍼니,,,,,,,,,,,
연기금,바이오노트,,2.0,0.0,0.0,-0.0,0.0,0.0,-0.0,1.0,1.0,-1.0
연기금,바이오니아,,1.0,,,,,,,,-1.0,
연기금,바이오다인,,0.0,,-4.0,,-1.0,-5.0,-2.0,-4.0,-3.0,-1.0
연기금,바이오로그디바이스,,,,,,,,,,,
연기금,바이오플러스,,,,,,,,,,,
연기금,바텍,,,0.0,0.0,,,,,-0.0,,
연기금,박셀바이오,,,,,,,,,,,
연기금,방림,,0.0,0.0,,-0.0,0.0,0.0,0.0,-1.0,1.0,
연기금,백광산업,,-0.0,,5.0,0.0,0.0,-0.0,-0.0,-0.0,-0.0,-0.0
연기금,백산,,1.0,5.0,0.0,-0.0,1.0,0.0,0.0,-0.0,-0.0,0.0
연기금,버넥트,,,,,,,,,,,
연기금,범양건영,,,,,,,,,,,
연기금,범한퓨얼셀,,,,,,,,,,,
연기금,벡트,,,,,,,,,,,
연기금,벽산,,,,,-0.0,0.0,0.0,0.0,,0.0,
연기금,보락,,,,,,0.0,,,,,
연기금,보령,,0.0,-1.0,0.0,0.0,1.0,-0.0,3.0,,0.0,
연기금,보로노이,,0.0,,-1.0,1.0,-1.0,11.0,-16.0,-14.0,1.0,-4.0
연기금,보해양조,,,,,,,,,,,
연기금,본느,,,,,,,,,,,
연기금,부광약품,,,0.0,,-0.0,0.0,-0.0,-0.0,,,
연기금,부국증권,,,,,,0.0,,,,,
연기금,부산산업,,,,,,0.0,,,,,
연기금,뷰노,,0.0,2.0,,,,,,,,
연기금,뷰웍스,,,,,,,,,,,
연기금,브랜드엑스코퍼레이션,,,,,,,,,,,
연기금,브릿지바이오테라퓨틱스,,,,,,,,,,,
연기금,브이티,,9.0,7.0,-1.0,15.0,-2.0,10.0,-3.0,15.0,,1.0
연기금,블랙야크아이앤씨,,,,,,,,,,,
연기금,비나텍,,,,-1.0,-1.0,-0.0,-0.0,-0.0,,-0.0,-0.0
연기금,비보존 제약,,,,,,,-1.0,-2.0,,,
연기금,비상교육,,,,,-0.0,-0.0,,,,,
연기금,비씨엔씨,,,,,,,,,,,
연기금,비에이치,,0.0,-1.0,1.0,0.0,1.0,0.0,0.0,-1.0,,-0.0
연기금,비에이치아이,,-8.0,,-0.0,-3.0,,-4.0,-8.0,-0.0,5.0,-8.0
연기금,비엘팜텍,,,,,,,,,,,
연기금,비엠티,,,,,,,,,,,
연기금,비올,,-1.0,,-1.0,,-1.0,,,,,
연기금,비츠로셀,,,2.0,0.0,,,3.0,-1.0,-0.0,,-1.0
연기금,빙그레,,6.0,9.0,7.0,8.0,7.0,8.0,6.0,-3.0,5.0,1.0
연기금,삐아,,,,,,,,,,,
연기금,사람인,,,,,,,,,,,
연기금,사이냅소프트,,,,-0.0,-0.0,,,,-0.0,,
연기금,사조대림,,,,,,0.0,0.0,0.0,,,
연기금,사조동아원,,,0.0,,,0.0,0.0,0.0,,0.0,
연기금,사조산업,,,,,,0.0,0.0,0.0,,,
연기금,사조씨푸드,,,0.0,,,-0.0,0.0,0.0,,,
연기금,사조오양,,,,,,0.0,,1.0,,,
연기금,사피엔반도체,,,,,,1.0,,,,,
연기금,산일전기,,2.0,10.0,9.0,12.0,8.0,7.0,20.0,5.0,-12.0,4.0
연기금,삼성E&A,,2.0,-1.0,12.0,-15.0,24.0,-1.0,8.0,21.0,1.0,4.0
연기금,삼성SDI,,178.0,7.0,32.0,-22.0,-13.0,-39.0,-32.0,-20.0,-8.0,-16.0
연기금,삼성공조,,,,1.0,0.0,0.0,0.0,,,,0.0
연기금,삼성물산,,-46.0,-15.0,-93.0,21.0,-2.0,1.0,-1.0,-8.0,-40.0,-4.0
연기금,삼성물산우B,,0.0,0.0,0.0,,,,,,,
연기금,삼성바이오로직스,,3.0,52.0,10.0,-7.0,10.0,-5.0,26.0,-7.0,-31.0,22.0
연기금,삼성생명,,-31.0,-43.0,3.0,-33.0,-14.0,-0.0,-46.0,-52.0,-47.0,-42.0
연기금,삼성에스디에스,,7.0,6.0,-11.0,23.0,7.0,1.0,-16.0,-12.0,-21.0,-38.0
연기금,삼성전기,,14.0,-6.0,-14.0,-19.0,-61.0,-16.0,-83.0,-52.0,-68.0,-44.0
연기금,삼성전자,,20.0,121.0,120.0,-173.0,-128.0,83.0,-490.0,-520.0,-204.0,-120.0
연기금,삼성제약,,,,,0.0,0.0,0.0,0.0,,,
연기금,삼성중공업,,18.0,77.0,8.0,31.0,-44.0,-8.0,29.0,-40.0,-26.0,-12.0
연기금,삼성증권,,-2.0,13.0,3.0,5.0,4.0,9.0,-10.0,-1.0,25.0,7.0
연기금,삼성출판사,,,,1.0,-0.0,-0.0,-0.0,-0.0,,0.0,
연기금,삼성카드,,5.0,4.0,3.0,1.0,3.0,1.0,0.0,-5.0,-6.0,-3.0
연기금,삼성화재,,-18.0,7.0,-1.0,28.0,19.0,1.0,-4.0,-18.0,-83.0,-16.0
연기금,삼아알미늄,,1.0,0.0,0.0,-1.0,-3.0,-4.0,-0.0,-1.0,0.0,1.0
연기금,삼양사,,0.0,,-0.0,,0.0,0.0,0.0,0.0,,
연기금,삼양식품,,4.0,-10.0,3.0,-3.0,1.0,19.0,15.0,9.0,-8.0,-10.0
연기금,삼양엔씨켐,,,,,,,,,,,
연기금,삼양통상,,,,,,0.0,0.0,0.0,,0.0,
연기금,삼양패키징,,,,,,0.0,0.0,0.0,,,
연기금,삼양홀딩스,,-2.0,-2.0,-2.0,-2.0,-1.0,-1.0,-3.0,-3.0,-3.0,-1.0
연기금,삼영,,1.0,,,-3.0,0.0,0.0,-0.0,,0.0,-2.0
연기금,삼영무역,,0.0,0.0,0.0,,0.0,0.0,0.0,,0.0,
연기금,삼영전자,,0.0,,0.0,-0.0,0.0,-0.0,0.0,,0.0,
연기금,삼원강재,,,,,,0.0,,,,,
연기금,삼익THK,,-4.0,,,,0.0,0.0,0.0,-0.0,0.0,-0.0
연기금,삼익악기,,,,,,0.0,,,,,
연기금,삼일씨엔에스,,,,,,,,,,,
연기금,삼일제약,,,2.0,,,0.0,1.0,1.0,,,
연기금,삼정펄프,,,,,,0.0,,,,,0.0
연기금,삼진제약,,-0.0,0.0,0.0,,0.0,0.0,-0.0,,,-0.0
연기금,삼천당제약,,-12.0,-0.0,-13.0,10.0,-8.0,3.0,36.0,4.0,-31.0,4.0
연기금,삼천리,,0.0,,0.0,4.0,1.0,0.0,0.0,,1.0,
연기금,삼현,,,,,,,0.0,,,,
연기금,삼호개발,,,,,,0.0,,,,,
연기금,삼화왕관,,,,,,0.0,,,,,
연기금,삼화전기,,-1.0,-0.0,1.0,-5.0,-3.0,0.0,-0.0,,-1.0,-0.0
연기금,삼화콘덴서,,0.0,,0.0,-2.0,-0.0,-1.0,-1.0,-3.0,-4.0,-2.0
연기금,삼화페인트,,,0.0,0.0,,-0.0,0.0,0.0,,0.0,
연기금,상보,,,,,,,,,,,
연기금,상신브레이크,,-0.0,-0.0,-0.0,,0.0,,,,,-0.0
연기금,상아프론테크,,,,0.0,,,,,-0.0,,
연기금,새론오토모티브,,,,,,0.0,,,,,
연기금,샌즈랩,,,,,,,,,,,
연기금,샘씨엔에스,,,,,,,,,,,
연기금,샘표,,,,,,0.0,0.0,1.0,-1.0,0.0,
연기금,샘표식품,,,,,,0.0,0.0,0.0,0.0,-0.0,
연기금,샤페론,,,,,,,,,,,
연기금,서부T&D,,0.0,,1.0,,-0.0,1.0,,,,
연기금,서연,,,1.0,,-0.0,0.0,-0.0,-0.0,0.0,,0.0
연기금,서연이화,,0.0,0.0,0.0,,0.0,-0.0,0.0,0.0,0.0,
연기금,서울가스,,0.0,0.0,0.0,,0.0,0.0,0.0,0.0,0.0,
연기금,서울반도체,,,,,,,,,,,-1.0
연기금,서울옥션,,,,,,,,,,-1.0,
연기금,서원,,,,,,,,,,,
연기금,서진시스템,,-0.0,-0.0,0.0,1.0,3.0,-0.0,4.0,-4.0,2.0,-2.0
연기금,서호전기,,,,,,,,,,,
연기금,서흥,,0.0,1.0,-0.0,,-1.0,,-1.0,-1.0,-1.0,-0.0
연기금,선익시스템,,-3.0,-2.0,,,,-1.0,,,,
연기금,선진,,,,,,0.0,0.0,0.0,,0.0,
연기금,선진뷰티사이언스,,,,,,,,,,,
연기금,성광벤드,,1.0,15.0,4.0,6.0,3.0,26.0,21.0,-0.0,4.0,-0.0
연기금,성신양회,,0.0,,,,0.0,0.0,0.0,,,-0.0
연기금,성안머티리얼스,,,,,,,0.0,,,,
연기금,성우하이텍,,0.0,0.0,0.0,,1.0,,-1.0,2.0,0.0,
연기금,성일하이텍,,,,,,-1.0,,,,,0.0
연기금,성창기업지주,,,,,,0.0,,,,,
연기금,세경하이테크,,,,-2.0,0.0,0.0,3.0,0.0,,,
연기금,세명전기,,,,,,,,,,,
연기금,세방,,,0.0,0.0,,0.0,0.0,0.0,,,
연기금,세방전지,,1.0,0.0,-0.0,-0.0,0.0,-0.0,0.0,-0.0,0.0,0.0
연기금,세보엠이씨,,,,,,,,,,,
연기금,세아베스틸지주,,3.0,2.0,3.0,1.0,2.0,-0.0,13.0,1.0,2.0,2.0
연기금,세아제강,,3.0,3.0,2.0,-1.0,18.0,20.0,34.0,-12.0,-0.0,-0.0
연기금,세아제강지주,,4.0,5.0,-0.0,-0.0,7.0,-6.0,-1.0,-5.0,5.0,3.0
연기금,세아특수강,,,,,,0.0,,,,0.0,0.0
연기금,세아홀딩스,,,,-0.0,-0.0,0.0,0.0,0.0,,,
연기금,세운메디칼,,-0.0,0.0,0.0,,,,,,,
연기금,세이브존I&C,,,,0.0,0.0,0.0,0.0,0.0,0.0,0.0,
연기금,세종텔레콤,,,,,,,,,,,
연기금,세진중공업,,1.0,-5.0,-2.0,,-1.0,-3.0,-2.0,-1.0,-1.0,0.0
연기금,세코닉스,,,,2.0,,,,,,,
연기금,센서뷰,,,,,,,,,,,
연기금,셀리버리,,,-0.0,-0.0,,,,,,,
연기금,셀바스AI,,-0.0,,-0.0,,-1.0,,-1.0,,,
연기금,셀비온,,,,,,1.0,,,,,
연기금,셀트리온,,-7.0,-91.0,28.0,-18.0,16.0,-8.0,40.0,95.0,-7.0,3.0
연기금,셀트리온제약,,1.0,,12.0,2.0,3.0,2.0,,,,
연기금,소니드,,,,,,,,,,,-0.0
연기금,소룩스,,,,,,,-0.0,,,,
연기금,솔루스첨단소재,,2.0,,0.0,0.0,-6.0,0.0,2.0,1.0,,0.0
연기금,솔루엠,,-4.0,0.0,0.0,0.0,0.0,0.0,0.0,-2.0,-1.0,-4.0
연기금,솔브레인,,0.0,5.0,2.0,,6.0,,-0.0,3.0,,8.0
연기금,솔브레인홀딩스,,0.0,-4.0,0.0,-1.0,-1.0,-1.0,,,,
연기금,솔트룩스,,,,,,,,,,,
연기금,송원산업,,1.0,,,1.0,0.0,0.0,2.0,1.0,-0.0,1.0
연기금,쇼박스,,,,,,,,,,,
연기금,수산인더스트리,,0.0,-0.0,-0.0,-0.0,0.0,-0.0,-1.0,-0.0,0.0,0.0
연기금,수산중공업,,-0.0,,,0.0,0.0,,,,0.0,0.0
연기금,수젠텍,,,,,,,,,,,
연기금,슈프리마,,,,,,,,,,,
연기금,스마트레이더시스템,,,,,,,-0.0,,,-0.0,
연기금,스카이라이프,,-0.0,-0.0,-0.0,-0.0,0.0,0.0,0.0,,,
연기금,스튜디오드래곤,,1.0,-0.0,-5.0,6.0,17.0,-2.0,-2.0,-12.0,-4.0,-0.0
연기금,스튜디오미르,,,,,,,,,,,0.0
연기금,스틱인베스트먼트,,-0.0,,,0.0,-0.0,-0.0,0.0,,,0.0
연기금,시그네틱스,,,,,,,,,,,
연기금,시노펙스,,,,-1.0,,-0.0,,,,2.0,2.0
연기금,시큐센,,,,,,,,,,,
연기금,시프트업,,-15.0,-6.0,7.0,-16.0,-12.0,-38.0,-16.0,-1.0,6.0,-36.0
연기금,신대양제지,,,,,-0.0,0.0,0.0,-1.0,,-0.0,
연기금,신도리코,,,,,,0.0,0.0,0.0,,,
연기금,신라교역,,,,,,-0.0,0.0,0.0,,,
연기금,신라젠,,,,,,,,,,,
연기금,신성델타테크,,1.0,,,,,,,,-1.0,
연기금,신성이엔지,,0.0,,,,0.0,0.0,0.0,,,-0.0
연기금,신성통상,,,,,0.0,0.0,-1.0,0.0,,,
연기금,신세계,,2.0,-5.0,0.0,3.0,-6.0,1.0,11.0,11.0,24.0,25.0
연기금,신세계 I&C,,,,,,-0.0,0.0,1.0,1.0,0.0,
연기금,신세계인터내셔날,,0.0,,,,0.0,0.0,0.0,,0.0,-0.0
연기금,신세계푸드,,-0.0,-0.0,,,0.0,0.0,0.0,,,0.0
연기금,신송홀딩스,,,,,,,,,,,
연기금,신영와코루,,,,,,0.0,,,,,
연기금,신영증권,,0.0,2.0,0.0,0.0,1.0,1.0,0.0,0.0,0.0,0.0
연기금,신원,,,-0.0,,,0.0,0.0,-0.0,,0.0,
연기금,신일전자,,1.0,,,,0.0,,,,0.0,
연기금,신테카바이오,,,,,,,,,,,
연기금,신풍제약,,,,-0.0,,0.0,,,,,
연기금,신한지주,,-19.0,-34.0,-8.0,-30.0,-1.0,-11.0,-22.0,-17.0,-54.0,-18.0
연기금,신흥,,-0.0,,-0.0,,-0.0,-0.0,-0.0,-0.0,-0.0,-0.0
연기금,신흥에스이씨,,0.0,,,,,,,,,
연기금,실리콘투,,-10.0,-1.0,-130.0,-20.0,-1.0,-63.0,-16.0,-6.0,-8.0,-20.0
연기금,심텍,,,0.0,3.0,0.0,3.0,,,-2.0,-5.0,
연기금,싸이맥스,,,,,,,,,-0.0,,
연기금,써니전자,,,-0.0,,,0.0,,,,,
연기금,쎄트렉아이,,,,-2.0,,,,,2.0,,-10.0
연기금,쏘카,,-0.0,,,,-0.0,0.0,0.0,,,0.0
연기금,쏠리드,,,,,,,-1.0,,-1.0,-1.0,
연기금,쓰리빌리언,,,,,,,,,,,
연기금,쓰리에이로직스,,,,,,,,,,,
연기금,씨메스,,-14.0,-2.0,,,,,-1.0,-2.0,,
연기금,씨아이에스,,1.0,0.0,1.0,,-1.0,-1.0,,-1.0,,0.0
연기금,씨앤씨인터내셔널,,-0.0,0.0,-0.0,1.0,-1.0,,-2.0,-0.0,,
연기금,씨앤지하이테크,,,,,,,,,,,
연기금,씨어스테크놀로지,,,,,,-0.0,,,,,
연기금,씨에스베어링,,-0.0,-0.0,-0.0,,,,-2.0,-1.0,-1.0,
연기금,씨에스윈드,,8.0,-2.0,-4.0,1.0,-6.0,0.0,-40.0,-20.0,-13.0,11.0
연기금,씨이랩,,,,,,,,,,,
연기금,씨젠,,1.0,-0.0,1.0,0.0,3.0,0.0,-0.0,5.0,-0.0,-0.0
연기금,씨티알모빌리티,,,,,,,,,,,
연기금,아나패스,,0.0,,-2.0,,,,,-0.0,,-0.0
연기금,아난티,,,,0.0,,,,,,,
연기금,아남전자,,,,,,0.0,,,,,
연기금,아모그린텍,,,,,,,,,,,
연기금,아모레G,,3.0,0.0,-2.0,-5.0,1.0,-1.0,4.0,4.0,-0.0,-0.0
연기금,아모레G3우(전환),,,,,,-0.0,,,,,
연기금,아모레퍼시픽,,-1.0,33.0,-18.0,7.0,1.0,-12.0,-17.0,-3.0,-27.0,-59.0
연기금,아모센스,,,,,,,,,,,
연기금,아모텍,,-1.0,-2.0,0.0,0.0,-5.0,,1.0,1.0,-1.0,1.0
연기금,아미코젠,,,,,,,,,,,
연기금,아바코,,,,-0.0,,,,,-0.0,,-0.0
연기금,아비코전자,,,,,,,,,,,
연기금,아세아,,0.0,,0.0,-0.0,0.0,0.0,0.0,-2.0,-1.0,-1.0
연기금,아세아시멘트,,0.0,-0.0,0.0,,0.0,0.0,0.0,,-1.0,-1.0
연기금,아세아제지,,-0.0,-0.0,-1.0,-3.0,-5.0,0.0,0.0,0.0,,-0.0
연기금,아스테라시스,,-0.0,,,,,,,-0.0,4.0,1.0
연기금,아시아나IDT,,,,,,0.0,0.0,0.0,,,
연기금,아시아나항공,,11.0,4.0,4.0,2.0,3.0,2.0,1.0,3.0,6.0,3.0
연기금,아이디스,,,,,,,,,-0.0,,
연기금,아이마켓코리아,,0.0,,,,0.0,0.0,0.0,,,-0.0
연기금,아이빔테크놀로지,,,,,0.0,,,,,,
연기금,아이센스,,0.0,,,,,,,,,
연기금,아이쓰리시스템,,0.0,-1.0,-2.0,-1.0,-1.0,,,,,
연기금,아이씨디,,,,,,,,,,,
연기금,아이씨에이치,,,,,,,,,,,
연기금,아이씨티케이,,,,,,,,,,,
연기금,아이언디바이스,,,,,,,,,,,
연기금,아이에스동서,,,0.0,,0.0,0.0,-1.0,1.0,1.0,-1.0,
연기금,아이에스티이,,,,,,,,,,,3.0
연기금,아이에이,,,,,,,,,,,
연기금,아이엠비디엑스,,,,,,,,,,,
연기금,아이엠티,,,,,,,,,,,
연기금,아이윈플러스,,,,,,,,,,,
연기금,아이지넷,,,,,,,,,,,
연기금,아이크래프트,,,,,,,,,,,
연기금,아이티엠반도체,,,,,,,,,,,
연기금,아이패밀리에스씨,,2.0,-2.0,-3.0,-2.0,,,2.0,-0.0,,-0.0
연기금,아주스틸,,,,,,0.0,0.0,0.0,,0.0,
연기금,아톤,,,,,,,,,,,
연기금,아티스트스튜디오,,,,,,,,,,,
연기금,아티스트유나이티드,,,,,,,,,,,
연기금,안랩,,1.0,0.0,0.0,,1.0,1.0,,0.0,,
연기금,알루코,,,0.0,-0.0,0.0,-0.0,0.0,0.0,,0.0,
연기금,알멕,,,,,,,,,,,
연기금,알에스오토메이션,,,,,,,,,,,
연기금,알테오젠,,-13.0,6.0,45.0,-16.0,28.0,13.0,27.0,109.0,-117.0,16.0
연기금,애경산업,,1.0,,0.0,,0.0,1.0,0.0,,0.0,-0.0
연기금,애경케미칼,,1.0,,0.0,,0.0,0.0,0.0,,0.0,
연기금,애드바이오텍,,,,,,,,,,,
연기금,액션스퀘어,,,,,,,,,,,
연기금,앱클론,,,,,-1.0,,,,,,
연기금,어보브반도체,,,,,,,,,,,
연기금,에넥스,,-0.0,-0.0,-0.0,-0.0,-0.0,-0.0,-0.0,-0.0,-0.0,-0.0
연기금,에스넷,,,,,,,,,,,
연기금,에스디바이오센서,,3.0,0.0,0.0,0.0,1.0,0.0,-0.0,1.0,1.0,1.0
연기금,에스비비테크,,,,,,,,,,,
연기금,에스앤디,,,,1.0,,,1.0,,,,
연기금,에스앤에스텍,,1.0,-4.0,-2.0,,-1.0,-3.0,-1.0,-1.0,,
연기금,에스에이엠티,,,,,,,,,,1.0,
연기금,에스에이티이엔지,,,,,,,,,,,
연기금,에스에프에이,,-1.0,,0.0,-1.0,,-2.0,,,,-1.0
연기금,에스엘,,11.0,1.0,5.0,8.0,7.0,6.0,-1.0,6.0,0.0,2.0
연기금,에스엠,,-2.0,14.0,2.0,5.0,-2.0,1.0,-10.0,1.0,3.0,-12.0
연기금,에스엠벡셀,,,,,,,,,,,-0.0
연기금,에스엠씨지,,,,,,,,,,3.0,1.0
연기금,에스오에스랩,,,,,,,,,-0.0,,-9.0
연기금,에스와이스틸텍,,,,,,,,,,,
연기금,에스원,,1.0,0.0,0.0,0.0,-1.0,1.0,1.0,0.0,1.0,0.0
연기금,에스지헬스케어,,,,,,,,,,,
연기금,에스티아이,,-1.0,-9.0,-2.0,-1.0,-3.0,0.0,-2.0,-3.0,-3.0,-1.0
연기금,에스티팜,,-3.0,4.0,0.0,-0.0,0.0,1.0,-4.0,4.0,-13.0,-8.0
연기금,에스피소프트,,,,,,,,,,,
연기금,에스피시스템스,,,,,,,,,,,
연기금,에스피지,,-2.0,-1.0,,-2.0,-3.0,-17.0,,,-18.0,-12.0
연기금,에어레인,,,,,,,,,,,0.0
연기금,에어부산,,0.0,0.0,,,0.0,0.0,0.0,,,-0.0
연기금,에이럭스,,,,,,,,,,,
연기금,에이블씨엔씨,,,,-0.0,1.0,0.0,0.0,0.0,,,
연기금,에이비엘바이오,,4.0,-24.0,0.0,14.0,1.0,16.0,-2.0,-4.0,-8.0,0.0
연기금,에이스토리,,,,,,,,,,,
연기금,에이에프더블류,,,,,,,,,,,
연기금,에이엘티,,,,,,,,,,,
연기금,에이직랜드,,,,,,,,,-0.0,,
연기금,에이치브이엠,,,-16.0,-10.0,,-5.0,,,-0.0,1.0,-0.0
연기금,에이티넘인베스트,,,,,,,,,,,
연기금,에이프로젠,,-1.0,,,,0.0,,,,,-0.0
연기금,에이프로젠바이오로직스,,,,,,,,,,,
연기금,에이프릴바이오,,,,,,,,,,,
연기금,에이피알,,1.0,1.0,-7.0,4.0,11.0,22.0,9.0,4.0,12.0,12.0
연기금,에치에프알,,-3.0,-4.0,-0.0,,0.0,2.0,9.0,6.0,5.0,4.0
연기금,에코마케팅,,,,,,,,,,,1.0
연기금,에코앤드림,,0.0,5.0,4.0,,1.0,-6.0,-9.0,,,0.0
연기금,에코프로,,5.0,-3.0,4.0,-4.0,-6.0,-4.0,,,4.0,0.0
연기금,에코프로머티,,10.0,-8.0,-11.0,23.0,-22.0,5.0,-29.0,-34.0,1.0,-26.0
연기금,에코프로비엠,,15.0,6.0,36.0,-138.0,-177.0,-72.0,-11.0,-13.0,24.0,-39.0
연기금,에코프로에이치엔,,2.0,,,,-5.0,,-1.0,,-2.0,
연기금,에프에스티,,1.0,0.0,-0.0,-0.0,,0.0,-0.0,,,
연기금,에프엔에스테크,,,,,,,,,,,
연기금,엑스게이트,,,,,,,,,,,
연기금,엑시큐어하이트론,,,,,,,,,,,
연기금,엔씨소프트,,-2.0,-16.0,17.0,-1.0,2.0,-24.0,-84.0,-5.0,-34.0,-12.0
연기금,엔케이,,,,,,,,,,,
연기금,엔켐,,2.0,,0.0,-1.0,-3.0,-1.0,2.0,-2.0,,0.0
연기금,엘앤씨바이오,,,,,,,0.0,0.0,,,
연기금,엘앤에프,,-9.0,-32.0,-2.0,-6.0,44.0,-19.0,6.0,-3.0,24.0,28.0
연기금,엘오티베큠,,,,,,,,,,,
연기금,엘케이켐,,,-1.0,,,,,,,,
연기금,엠디바이스,,,,,,,,,,-0.0,0.0
연기금,엠로,,7.0,0.0,10.0,2.0,4.0,9.0,0.0,4.0,-9.0,3.0
연기금,엠씨넥스,,0.0,,0.0,0.0,-0.0,0.0,0.0,,0.0,0.0
연기금,엠아이텍,,-0.0,,,,,,,,,
연기금,엠앤씨솔루션,,3.0,10.0,0.0,-0.0,-3.0,-0.0,1.0,8.0,-1.0,1.0
연기금,엠에스오토텍,,,,,,,,,,,
연기금,엠에프씨,,0.0,0.0,0.0,0.0,0.0,0.0,0.0,0.0,0.0,
연기금,엠케이전자,,,,,,,,,,,
연기금,엣지파운드리,,,0.0,0.0,0.0,0.0,0.0,,,0.0,
연기금,영보화학,,,,0.0,0.0,0.0,-0.0,-0.0,,,
연기금,영원무역,,2.0,4.0,-4.0,0.0,-0.0,-10.0,-0.0,-8.0,-1.0,-1.0
연기금,영원무역홀딩스,,-4.0,-4.0,-3.0,-3.0,-2.0,-3.0,-3.0,1.0,-2.0,3.0
연기금,영진약품,,,,,,0.0,0.0,0.0,,,
연기금,영풍,,,,0.0,0.0,1.0,0.0,-0.0,5.0,1.0,1.0
연기금,영풍제지,,,,,,,,,,,
연기금,영화금속,,,,,,-0.0,-0.0,,,,
연기금,예스코홀딩스,,,,,-0.0,-0.0,0.0,-0.0,,,
연기금,예스티,,,,,,,,,-0.0,,
연기금,오뚜기,,1.0,0.0,0.0,-0.0,-0.0,-1.0,1.0,5.0,1.0,-0.0
연기금,오로스테크놀로지,,-1.0,,-0.0,,,-22.0,,-0.0,,-0.0
연기금,오름테라퓨틱,,,,-0.0,,-4.0,,-0.0,,,
연기금,오리엔탈정공,,,1.0,,,,,,,,
연기금,오리엔트바이오,,,,,,,,,,1.0,-1.0
연기금,오리엔트정공,,,,,,,,,,,
연기금,오리온,,-4.0,-6.0,-27.0,-13.0,-2.0,-0.0,1.0,5.0,13.0,2.0
연기금,오리온홀딩스,,-4.0,-4.0,-8.0,-7.0,-2.0,-4.0,-5.0,-4.0,-4.0,-2.0
연기금,오상자이엘,,,,,,,,,,,
연기금,오성첨단소재,,,,,,,,,,,
연기금,오스코텍,,-2.0,2.0,0.0,14.0,6.0,12.0,3.0,-5.0,-1.0,-3.0
연기금,오스테오닉,,2.0,,1.0,,,,,2.0,,
연기금,오킨스전자,,,,,,,,,,,
연기금,오픈엣지테크놀로지,,-0.0,-5.0,,2.0,-0.0,-1.0,-1.0,-0.0,,-0.0
연기금,온코닉테라퓨틱스,,,,,,,,,,,
연기금,온코크로스,,,,,,,,,,,
연기금,온타이드,,,,,,,,-0.0,-0.0,-0.0,-0.0
연기금,올릭스,,-4.0,-5.0,-11.0,6.0,3.0,,4.0,-6.0,-20.0,-6.0
연기금,옵티팜,,,,,,,,,,,
연기금,와이솔,,,,,,-1.0,,,,,
연기금,와이씨,,1.0,0.0,0.0,,,-2.0,,-1.0,-1.0,-1.0
연기금,와이씨켐,,,,,,,,,,,
연기금,와이엔텍,,,,,,,,,,,
연기금,와이즈넛,,0.0,,,,,,,1.0,,
연기금,와이지-원,,,,,,,,,,,
연기금,와이지엔터테인먼트,,1.0,4.0,13.0,3.0,-0.0,-3.0,4.0,2.0,1.0,-1.0
연기금,와이투솔루션,,,,,,,,,,,
연기금,와이팜,,,,,,,,,,,
연기금,우리금융지주,,14.0,21.0,21.0,13.0,-0.0,-4.0,-68.0,-9.0,-36.0,-46.0
연기금,우리기술,,-0.0,,,,,,,,,
연기금,우리기술투자,,,,,,,,,,,
연기금,우성,,,,,,,,,,,
연기금,우신시스템,,0.0,0.0,-0.0,-0.0,-1.0,0.0,-1.0,0.0,,0.0
연기금,우주일렉트로,,0.0,,-0.0,,,,-0.0,,,
연기금,우진,,-4.0,-5.0,-3.0,-0.0,0.0,0.0,-0.0,0.0,0.0,-0.0
연기금,우진엔텍,,,,,,,,,,,
연기금,웅진,,,,,,-0.0,,,,,
연기금,웅진씽크빅,,0.0,,,,0.0,0.0,0.0,,,-0.0
연기금,워트,,,,,,,,,,,
연기금,원익IPS,,5.0,12.0,-2.0,-3.0,0.0,,,-2.0,-2.0,7.0
연기금,원익QnC,,1.0,0.0,0.0,,-9.0,-1.0,-5.0,-7.0,-11.0,-8.0
연기금,원익머트리얼즈,,0.0,1.0,-0.0,,,,,,,
연기금,원익홀딩스,,,0.0,0.0,,,,,,-3.0,
연기금,원준,,,,,,,,,,,
연기금,원텍,,4.0,0.0,1.0,,4.0,5.0,-1.0,2.0,-3.0,1.0
연기금,월덱스,,2.0,2.0,3.0,,1.0,1.0,,-0.0,2.0,-0.0
연기금,웹스,,,,,,,,,,,
연기금,웹젠,,-0.0,-0.0,-0.0,-1.0,0.0,-1.0,,,,1.0
연기금,위너스,,-0.0,,,,,,,,,0.0
연기금,위메이드,,-2.0,,0.0,-1.0,,-1.0,-3.0,-4.0,,-2.0
연기금,위메이드맥스,,,,,,,,,,,
연기금,윈스,,,-3.0,,,,,,,,
연기금,유나이티드제약,,,0.0,0.0,,0.0,0.0,0.0,,,
연기금,유니드,,4.0,-6.0,-8.0,-1.0,-1.0,-1.0,1.0,1.0,,3.0
연기금,유니셈,,,0.0,0.0,,,,,,,
연기금,유니온,,,,,,0.0,,,,,
연기금,유니온머티리얼,,,,,,0.0,,,,,
연기금,유니켐,,0.0,,,,0.0,0.0,0.0,,,-0.0
연기금,유니퀘스트,,-1.0,,0.0,,0.0,,,,,
연기금,유니테스트,,-0.0,0.0,-0.0,,,,0.0,-0.0,,-0.0
연기금,유바이오로직스,,-0.0,-3.0,,,,,,1.0,,
연기금,유비벨록스,,-0.0,,,,,,,,,
연기금,유비온,,,,,,,,,,,
연기금,유비쿼스,,,,,,,,,,,
연기금,유성기업,,,,,,,,,,,
연기금,유수홀딩스,,,,,-0.0,0.0,0.0,0.0,,,-0.0
연기금,유안타증권,,,,,0.0,0.0,0.0,0.0,,1.0,1.0
연기금,유엔젤,,,,,,,,,,,
연기금,유일로보틱스,,,,,,,,,,,
연기금,유일에너테크,,,,,,,,,,,
연기금,유진기업,,,,,,,,,,,
연기금,유진로봇,,,,,,,,,,,
연기금,유진테크,,13.0,1.0,0.0,2.0,-2.0,,,-11.0,-8.0,-2.0
연기금,유진테크놀로지,,,,,,,,,,,
연기금,유진투자증권,,0.0,,0.0,,0.0,0.0,0.0,,0.0,
연기금,유투바이오,,,,,,,,,,,
연기금,유티아이,,,,,5.0,,,,,,-2.0
연기금,유한양행,,4.0,-14.0,58.0,5.0,11.0,53.0,-5.0,-52.0,-75.0,-20.0
연기금,유화증권,,,0.0,0.0,0.0,0.0,,,,,
연기금,윤성에프앤씨,,2.0,,,,,,,-1.0,,
연기금,율촌화학,,-1.0,4.0,0.0,1.0,-0.0,0.0,-0.0,-1.0,0.0,-1.0
연기금,이건산업,,,,,,,,,,,
연기금,이건홀딩스,,,,,,,,,,,
연기금,이구산업,,,,,,0.0,0.0,0.0,,0.0,1.0
연기금,이글루,,,,,,,,,,,
연기금,이노션,,-1.0,0.0,-1.0,-2.0,-2.0,-1.0,-1.0,-0.0,1.0,0.0
연기금,이노스페이스,,,,,,,,,,,
연기금,이노와이어리스,,,,,,,,,,,
연기금,이녹스첨단소재,,0.0,0.0,-0.0,0.0,-3.0,-4.0,-0.0,-4.0,0.0,0.0
연기금,이랜시스,,,,,,,,,,,
연기금,이랜텍,,,,-1.0,,,,,,,
연기금,이마트,,-3.0,17.0,7.0,17.0,7.0,-4.0,73.0,50.0,74.0,35.0
연기금,이삭엔지니어링,,,,,,,,,,,
연기금,이수스페셜티케미컬,,39.0,47.0,43.0,40.0,43.0,-27.0,-4.0,11.0,1.0,5.0
연기금,이수페타시스,,16.0,42.0,74.0,-16.0,-8.0,4.0,-26.0,-13.0,47.0,25.0
연기금,이수화학,,,,,,0.0,0.0,0.0,,,
연기금,이스타코,,,,1.0,0.0,,,,,,
연기금,이스트소프트,,-5.0,,,,,,,,,
연기금,이엔셀,,,,,,,,,,,
연기금,이엔에프테크놀로지,,-0.0,0.0,-0.0,-0.0,-0.0,,-0.0,5.0,2.0,
연기금,이엔플러스,,,,,,,,,,,
연기금,이엠텍,,,,,,,,,,,
연기금,이연제약,,,0.0,-0.0,,0.0,0.0,0.0,,,
연기금,이오테크닉스,,3.0,-4.0,-3.0,-5.0,-14.0,-4.0,-3.0,-1.0,-1.0,-2.0
연기금,이월드,,,,,,0.0,0.0,0.0,,,
연기금,이지바이오,,,,0.0,,,,,,,-0.0
연기금,인디에프,,,,,,,,,,,
연기금,인바디,,,1.0,,,,,,,,
연기금,인바이오젠,,,,,,,,,,,
연기금,인벤티지랩,,,,,,,,,,,
연기금,인스코비,,-1.0,-0.0,,,0.0,-0.0,0.0,,0.0,-0.0
연기금,인스피언,,,,,,,,,,,
연기금,인지컨트롤스,,,,,,-0.0,-0.0,-0.0,-0.0,-0.0,-0.0
연기금,인천도시가스,,,,,,0.0,,,,,
연기금,인카금융서비스,,1.0,1.0,,,,,1.0,,2.0,
연기금,인탑스,,-0.0,-0.0,,-0.0,-3.0,,-1.0,,,
연기금,인터지스,,,,,,0.0,,,,,
연기금,인터플렉스,,0.0,0.0,0.0,0.0,,,0.0,,,
연기금,인텍플러스,,,,,,,,,-0.0,,
연기금,인텔리안테크,,,0.0,-0.0,,,,7.0,-3.0,3.0,-0.0
연기금,인팩,,,,,,,,,,,
연기금,인포바인,,,,,,-0.0,,,,,
연기금,인피니트헬스케어,,,,1.0,-1.0,,,,,,
연기금,일동제약,,,,,,0.0,,,,,
연기금,일동홀딩스,,,,,,,,,,,
연기금,일성건설,,,,,,,,,,,
연기금,일성아이에스,,,,,,0.0,0.0,0.0,,,
연기금,일승,,,,,,,,,,,
연기금,일신방직,,,,,-0.0,0.0,0.0,-0.0,,0.0,
연기금,일신석재,,,,,,0.0,,,,,
연기금,일양약품,,,,,,0.0,0.0,0.0,,0.0,
연기금,일진다이아,,,0.0,-0.0,,0.0,0.0,0.0,-0.0,0.0,
연기금,일진전기,,-13.0,-31.0,2.0,2.0,-1.0,-4.0,0.0,-0.0,-20.0,0.0
연기금,일진하이솔루스,,-3.0,-2.0,-1.0,-2.0,-1.0,-4.0,-3.0,-2.0,-2.0,-1.0
연기금,일진홀딩스,,,0.0,,,0.0,0.0,-0.0,,0.0,-0.0
연기금,잇츠한불,,0.0,,,-0.0,0.0,0.0,-0.0,,,
연기금,잉글우드랩,,,,,,6.0,,4.0,,,
연기금,자람테크놀로지,,,,,,,,,,,
연기금,자이에스앤디,,-0.0,,,,0.0,0.0,0.0,-0.0,0.0,
연기금,자화전자,,-0.0,-1.0,,,0.0,0.0,0.0,,,
연기금,저스템,,,,,,,,,,,
연기금,전진건설로봇,,,-2.0,2.0,0.0,1.0,0.0,1.0,0.0,1.0,6.0
연기금,정다운,,,,,,,,,,,
연기금,제너셈,,,,,,,,,-0.0,,
연기금,제닉,,,,,,4.0,,,,,-4.0
연기금,제닉스,,,,,,,,,,,
연기금,제룡전기,,-1.0,,,,,,,,,
연기금,제우스,,,,,,,-0.0,,,,
연기금,제이브이엠,,,,,,,,,,,
연기금,제이스텍,,,,,,,,,,,
연기금,제이씨현시스템,,,,,,,,,,,
연기금,제이앤티씨,,0.0,-3.0,-5.0,-6.0,-1.0,-1.0,-1.0,-1.0,,
연기금,제이에스코퍼레이션,,-0.0,,-0.0,,0.0,0.0,0.0,,,-0.0
연기금,제이엘케이,,,0.0,-1.0,-1.0,-0.0,,-1.0,,,
연기금,제이엠티,,,,,,,,,,,
연기금,제이오,,4.0,2.0,2.0,,-4.0,-0.0,-1.0,-1.0,,
연기금,제이티,,,,,,,,,,,
연기금,제일기획,,-2.0,1.0,1.0,-4.0,-3.0,0.0,-9.0,-8.0,-4.0,-7.0
연기금,제일약품,,,,,,0.0,0.0,0.0,,,
연기금,제일연마,,,,,,0.0,,,,,
연기금,제일일렉트릭,,,,2.0,,,4.0,,,,
연기금,제일테크노스,,,,,,,,,,,
연기금,제일파마홀딩스,,,,,,0.0,0.0,0.0,,,
연기금,제주반도체,,-3.0,-1.0,,,-2.0,-1.0,,-1.0,-1.0,
연기금,제주은행,,,,,,0.0,0.0,,,,
연기금,제주항공,,0.0,,-0.0,0.0,0.0,-1.0,-3.0,-2.0,-2.0,-1.0
연기금,제테마,,,,,,,,,,,
연기금,젬백스,,-6.0,1.0,-6.0,1.0,-2.0,-4.0,-5.0,-4.0,,-4.0
연기금,조광페인트,,,,,,0.0,,,,,
연기금,조광피혁,,,,,,0.0,,,,,
연기금,조비,,,,,,,,,,,
연기금,조선내화,,,,,,0.0,0.0,0.0,,,
연기금,조선선재,,,,,0.0,0.0,0.0,-0.0,1.0,0.0,
연기금,조일알미늄,,,0.0,,,0.0,0.0,-0.0,0.0,0.0,
연기금,종근당,,-0.0,0.0,0.0,0.0,0.0,0.0,-0.0,-0.0,-7.0,-9.0
연기금,종근당바이오,,,-0.0,,-0.0,-1.0,-0.0,0.0,,,
연기금,종근당홀딩스,,0.0,-0.0,0.0,-0.0,0.0,-0.0,-0.0,-0.0,1.0,-0.0
연기금,주성엔지니어링,,-6.0,1.0,,,-1.0,-1.0,-3.0,-2.0,-4.0,3.0
연기금,주연테크,,-0.0,-0.0,-0.0,-0.0,-0.0,-0.0,-0.0,-0.0,-0.0,-0.0
연기금,중앙첨단소재,,,,,,,,,,,
연기금,지노믹트리,,,,,,,,,,,
연기금,지누스,,0.0,0.0,6.0,,0.0,1.0,5.0,,-1.0,0.0
연기금,지니틱스,,,,,,,,,,,
연기금,지씨셀,,,,,-2.0,,,,,0.0,
연기금,지아이이노베이션,,-1.0,0.0,2.0,,0.0,-0.0,-1.0,-0.0,-0.0,-1.0
연기금,지어소프트,,,,,,,,,,,-2.0
연기금,지엔씨에너지,,,,,,0.0,0.0,0.0,,,-2.0
연기금,지엠비코리아,,,,,,0.0,,,,,
연기금,지역난방공사,,,1.0,1.0,,,0.0,1.0,,,
연기금,지오엘리먼트,,,,,,,,,,,
연기금,진도,,,,,,,,,,,
연기금,진성티이씨,,,,,-11.0,,,-0.0,-2.0,-2.0,-2.0
연기금,진시스템,,,,-0.0,-0.0,,,-0.0,,,
연기금,진양산업,,,,,,0.0,,-0.0,,,0.0
연기금,진양제약,,,,,,,,,,,
연기금,진양폴리,,,,,,,,,,,-0.0
연기금,진양홀딩스,,,,,,0.0,0.0,0.0,,,
연기금,진양화학,,,,,,,,,,,
연기금,진에어,,0.0,,0.0,0.0,0.0,0.0,0.0,1.0,0.0,-1.0
연기금,진원생명과학,,1.0,,,,0.0,,,,,
연기금,진흥기업,,,,,,0.0,,-0.0,,,-0.0
연기금,차바이오텍,,,-4.0,,,,,,,,
연기금,차이커뮤니케이션,,,,,,,,,,,
연기금,천보,,,-1.0,,,-1.0,-1.0,,,,-1.0
연기금,체시스,,,,,,,,,,,
연기금,칩스앤미디어,,-0.0,-3.0,-2.0,-1.0,-1.0,,,-1.0,,
연기금,카카오,,6.0,2.0,110.0,95.0,73.0,1.0,31.0,67.0,19.0,31.0
연기금,카카오게임즈,,,,,,,,0.0,0.0,-0.0,-2.0
연기금,카카오뱅크,,10.0,11.0,11.0,-0.0,1.0,2.0,6.0,-7.0,22.0,2.0
연기금,카카오페이,,8.0,-3.0,16.0,-5.0,18.0,-0.0,6.0,4.0,-7.0,-2.0
연기금,카페24,,-1.0,,3.0,7.0,2.0,-1.0,,-0.0,,6.0
연기금,컨텍,,,,,,,,,,-1.0,
연기금,컴투스,,1.0,0.0,-8.0,-1.0,-1.0,,-4.0,,,-2.0
연기금,컴투스홀딩스,,,,,,,,,,,
연기금,케어젠,,,,,,,,,,-2.0,
연기금,케이바이오,,,,,,,,,,,
연기금,케이비아이동국실업,,,,,,,,,,,
연기금,케이씨,,0.0,,0.0,,0.0,-0.0,0.0,,0.0,
연기금,케이씨에스,,,,,,,,,,,
연기금,케이씨텍,,-1.0,-1.0,0.0,-4.0,-3.0,0.0,0.0,,,-1.0
연기금,케이씨피드,,,,,,,,,,0.0,-0.0
연기금,케이아이엔엑스,,,0.0,0.0,,,,,-1.0,,
연기금,케이엔알시스템,,,,,,,,,,,
연기금,케이엔제이,,,,,-1.0,,,,,,
연기금,케이엠더블유,,-1.0,,,,-3.0,,,,,
연기금,케이카,,0.0,-0.0,,0.0,-0.0,0.0,-5.0,-1.0,-1.0,-1.0
연기금,케이피에프,,,,,,,,,,,
연기금,켄코아에어로스페이스,,,,,,,,,1.0,,
연기금,켐트로닉스,,,,,,,,,,1.0,
연기금,켐트로스,,,,,,,,,,,
연기금,코나솔,,,,,,,,,,,
연기금,코나아이,,,,,,,,,,0.0,
연기금,코리아써키트,,2.0,,,,0.0,1.0,0.0,,1.0,-3.0
연기금,코리아에프티,,0.0,,0.0,,,1.0,,0.0,,1.0
연기금,코리안리,,0.0,2.0,0.0,-1.0,-5.0,-1.0,-3.0,-1.0,-4.0,-9.0
연기금,코미코,,4.0,3.0,4.0,3.0,-3.0,3.0,-1.0,2.0,-4.0,1.0
연기금,코세스,,,,,,,,,,-1.0,
연기금,코스맥스,,2.0,-13.0,-0.0,4.0,3.0,-6.0,-0.0,-17.0,-11.0,-2.0
연기금,코스맥스비티아이,,,,0.0,0.0,0.0,-0.0,-0.0,-0.0,-0.0,-0.0
연기금,코스메카코리아,,-31.0,9.0,-0.0,,5.0,-15.0,,3.0,4.0,-0.0
연기금,코스모신소재,,3.0,9.0,6.0,5.0,-3.0,1.0,1.0,3.0,2.0,5.0
연기금,코스모화학,,-0.0,-0.0,1.0,-2.0,-0.0,-3.0,-3.0,0.0,-0.0,1.0
연기금,코스텍시스,,,,,,,,,,,
연기금,코아스템켐온,,,,,,,,,,,
연기금,코오롱,,,,,-0.0,0.0,0.0,0.0,,1.0,-1.0
연기금,코오롱ENP,,0.0,,0.0,0.0,0.0,0.0,0.0,0.0,0.0,-0.0
연기금,코오롱글로벌,,-0.0,,,,0.0,0.0,0.0,,,
연기금,코오롱모빌리티그룹,,,,,,0.0,0.0,0.0,,,
연기금,코오롱인더,,1.0,1.0,1.0,-0.0,0.0,-0.0,6.0,3.0,1.0,0.0
연기금,코오롱티슈진,,3.0,,,,,,,,,3.0
연기금,코웨이,,-0.0,-13.0,-17.0,-19.0,1.0,1.0,1.0,-1.0,-3.0,-4.0
연기금,코윈테크,,,,,,,,,,,
연기금,코츠테크놀로지,,,,,,,,,-0.0,,
연기금,콘텐트리중앙,,0.0,1.0,0.0,,2.0,-0.0,-1.0,,,-1.0
연기금,콜마비앤에이치,,,,,,,,,,,
연기금,콜마홀딩스,,-0.0,-0.0,,,0.0,0.0,-0.0,,-0.0,
연기금,콤텍시스템,,,,,,,,,,,
연기금,쿠쿠홀딩스,,,,,0.0,0.0,-0.0,0.0,0.0,0.0,
연기금,쿠쿠홈시스,,-0.0,,,,3.0,1.0,0.0,,-0.0,-0.0
연기금,퀄리타스반도체,,,,,,,,,,,
연기금,큐렉소,,-7.0,,,-0.0,-4.0,,,,,
연기금,큐로셀,,,,,,,,,,,
연기금,큐리언트,,0.0,-0.0,0.0,-0.0,,-0.0,-0.0,-0.0,,
연기금,큐브엔터,,,,,,-1.0,,,-1.0,,-2.0
연기금,큐알티,,,,,,,,,,,
연기금,큐에스아이,,,,,,,,,,,
연기금,크라우드웍스,,,1.0,,,-1.0,-0.0,,,,
연기금,크라운제과,,,0.0,1.0,,0.0,,,,,
연기금,크라운해태홀딩스,,,,,,0.0,,,,,
연기금,크래프톤,,21.0,1.0,77.0,19.0,62.0,13.0,63.0,46.0,30.0,11.0
연기금,크레버스,,,,,,,,,,,
연기금,크리스에프앤씨,,,,-0.0,-0.0,,,-0.0,,,
연기금,크리스탈신소재,,,,,,,,,,,
연기금,클래시스,,2.0,3.0,-79.0,-11.0,-11.0,5.0,8.0,8.0,3.0,1.0
연기금,클로봇,,,,,,,,0.0,-0.0,,0.0
연기금,클리노믹스,,,,,,,,,,,
연기금,클리오,,-18.0,-4.0,-0.0,,,,,-0.0,-2.0,
연기금,키다리스튜디오,,,,,,1.0,0.0,0.0,-0.0,-0.0,
연기금,키움증권,,1.0,-0.0,1.0,0.0,-17.0,-5.0,7.0,5.0,2.0,37.0
연기금,타이거일렉,,,,,,,,,,,
연기금,탑머티리얼,,,,,,,,,,,
연기금,태경비케이,,,,,,0.0,0.0,0.0,,,-0.0
연기금,태경산업,,,,,,0.0,0.0,0.0,,,
연기금,태경케미컬,,,,,-0.0,0.0,0.0,0.0,-0.0,,-0.0
연기금,태광,,,-2.0,0.0,-4.0,3.0,26.0,14.0,-5.0,,-0.0
연기금,태광산업,,6.0,2.0,5.0,-0.0,1.0,0.0,1.0,4.0,3.0,-0.0
연기금,태림포장,,,,,,0.0,0.0,-0.0,-0.0,0.0,-0.0
연기금,태성,,,,0.0,,,,,-0.0,,
연기금,태양금속,,,,,,,,,,,
연기금,태영건설,,,,,,,,,,,
연기금,태웅로직스,,,,,,,,,,,
연기금,테스,,-0.0,4.0,4.0,4.0,-1.0,,3.0,4.0,,10.0
연기금,테이팩스,,,,,,,,,-0.0,,
연기금,테크윙,,-7.0,-1.0,-7.0,-1.0,-12.0,-22.0,-5.0,1.0,-1.0,0.0
연기금,텔레칩스,,,,,,,,,,,-0.0
연기금,텔코웨어,,,,,,0.0,,,,,
연기금,텔콘RF제약,,,,,,,-0.0,,,,
연기금,토니모리,,0.0,2.0,1.0,-2.0,-4.0,-2.0,-4.0,1.0,-3.0,-4.0
연기금,토마토시스템,,,,,,,,,,,
연기금,토모큐브,,,,0.0,,,,,,,
연기금,토비스,,1.0,,1.0,,,,,,,
연기금,티로보틱스,,,-0.0,,,,,,-0.0,,
연기금,티쓰리,,,,,,,,,,1.0,
연기금,티씨케이,,-1.0,2.0,0.0,,-2.0,,2.0,,-3.0,2.0
연기금,티앤엘,,,-1.0,-1.0,,7.0,1.0,3.0,2.0,,0.0
연기금,티에스이,,-1.0,,0.0,,,1.0,,-1.0,-3.0,-0.0
연기금,티에이치엔,,,-0.0,-0.0,,,,,,,
연기금,티에프이,,,,,,,,,-0.0,,
연기금,티엘비,,,,,,,,,,,
연기금,티웨이항공,,,,-1.0,0.0,-1.0,-1.0,,,-0.0,
연기금,티웨이홀딩스,,,,,,,,,,,
연기금,티이엠씨,,,,,,,,,-0.0,1.0,
연기금,티이엠씨씨엔에스,,,,,,,,,,,
연기금,티케이케미칼,,,,,,,,,,,
연기금,팅크웨어,,,,,,,,,,,
연기금,파라다이스,,3.0,4.0,3.0,3.0,4.0,4.0,3.0,3.0,9.0,3.0
연기금,파마리서치,,-0.0,0.0,7.0,6.0,1.0,52.0,6.0,-6.0,-25.0,11.0
연기금,파미셀,,-1.0,1.0,10.0,-3.0,6.0,3.0,11.0,4.0,5.0,10.0
연기금,파세코,,,,,-1.0,,,,,,
연기금,파이버프로,,,,,,,,,,,
연기금,파인메딕스,,,,,,,,,,,
연기금,파인엠텍,,,,-0.0,,,,,,-1.0,
연기금,파인테크닉스,,,,,,,,,,,
연기금,파크시스템스,,-3.0,-3.0,0.0,,-5.0,-3.0,-0.0,-2.0,19.0,-0.0
연기금,파트론,,0.0,-0.0,-1.0,,,-0.0,,-0.0,,-0.0
연기금,팜스코,,,,,,,,,,,
연기금,팜젠사이언스,,,,,,0.0,,,,,
연기금,팬엔터테인먼트,,,,,,,,,,,-0.0
연기금,팬오션,,4.0,12.0,-0.0,1.0,-4.0,2.0,51.0,6.0,-1.0,4.0
연기금,퍼스텍,,,,,-0.0,0.0,0.0,0.0,,-1.0,-0.0
연기금,퍼시스,,,-0.0,-0.0,,0.0,0.0,0.0,,-0.0,-0.0
연기금,펄어비스,,1.0,1.0,,1.0,,-2.0,,-2.0,-2.0,
연기금,펌텍코리아,,0.0,-0.0,-0.0,-0.0,-1.0,-3.0,-5.0,-5.0,-7.0,-8.0
연기금,페이퍼코리아,,,,,,,-0.0,-0.0,-0.0,-0.0,
연기금,펨트론,,,,-0.0,1.0,,,,-0.0,,-0.0
연기금,펩트론,,2.0,-4.0,1.0,,4.0,-10.0,1.0,1.0,3.0,0.0
연기금,평화산업,,,,,,,,,,,
연기금,평화홀딩스,,,,,,-0.0,,,,,
연기금,포바이포,,,,,,,,,,,
연기금,포스코DX,,1.0,-22.0,14.0,5.0,10.0,7.0,7.0,29.0,92.0,32.0
연기금,포스코스틸리온,,1.0,,0.0,-0.0,0.0,-0.0,1.0,,-1.0,-0.0
연기금,포스코엠텍,,,,,,,,,,,0.0
연기금,포스코인터내셔널,,114.0,57.0,39.0,62.0,54.0,78.0,100.0,26.0,75.0,22.0
연기금,포스코퓨처엠,,31.0,-53.0,30.0,-33.0,1.0,-47.0,15.0,-24.0,73.0,76.0
연기금,폴라리스AI,,,,,,,,,,,
연기금,폴라리스오피스,,-6.0,-1.0,-1.0,,,,,,,
연기금,풀무원,,5.0,3.0,-3.0,-1.0,-2.0,-0.0,-2.0,-2.0,-2.0,-4.0
연기금,풍강,,,,,,,,,,,
연기금,풍산,,-1.0,-0.0,11.0,3.0,-5.0,13.0,2.0,24.0,9.0,-2.0
연기금,풍산홀딩스,,0.0,0.0,0.0,-0.0,0.0,-0.0,0.0,0.0,0.0,-0.0
연기금,퓨런티어,,,,-0.0,,,,,-0.0,,-0.0
연기금,퓨쳐켐,,0.0,,,-0.0,,-0.0,,,1.0,
연기금,프레스티지바이오로직스,,-0.0,,,,-0.0,-0.0,-1.0,,,
연기금,프로텍,,-3.0,-4.0,,,-1.0,,,,,
연기금,플리토,,,,,,,,,,,
연기금,피노,,,0.0,0.0,,,-0.0,,-0.0,,
연기금,피델릭스,,,,,,,,,,,
연기금,피아이이,,,,,,,,,,,
연기금,피앤에스미캐닉스,,,,,,,,,0.0,0.0,
연기금,피에스케이,,1.0,1.0,1.0,-4.0,-3.0,-1.0,,-5.0,,0.0
연기금,피에스케이홀딩스,,-7.0,-1.0,0.0,-2.0,-3.0,-66.0,8.0,1.0,-19.0,-0.0
연기금,피에이치에이,,0.0,,0.0,,,,,,,
연기금,피엔에이치테크,,,,-0.0,-0.0,-1.0,,-0.0,,,
연기금,피엔티,,-0.0,-3.0,-0.0,0.0,-2.0,0.0,1.0,-1.0,1.0,-1.0
연기금,픽셀플러스,,,,,,,,,,,
연기금,필에너지,,,,,,,-6.0,,,,
연기금,필옵틱스,,1.0,1.0,-2.0,-3.0,-2.0,,,-2.0,,
연기금,핌스,,,,,,,,,,,
연기금,하나금융지주,,-10.0,-78.0,5.0,-70.0,1.0,14.0,-87.0,-63.0,-56.0,-30.0
연기금,하나기술,,,,,,,,,,,
연기금,하나마이크론,,-0.0,-0.0,-0.0,-0.0,-1.0,,-1.0,-0.0,-0.0,1.0
연기금,하나머티리얼즈,,2.0,5.0,-0.0,-2.0,-4.0,-12.0,-2.0,-16.0,-5.0,-5.0
연기금,하나제약,,0.0,,,,0.0,0.0,0.0,,0.0,-0.0
연기금,하나투어,,7.0,4.0,2.0,0.0,5.0,-6.0,-0.0,-8.0,1.0,0.0
연기금,하림지주,,,,,,,,,,,
연기금,하이딥,,,,-0.0,-0.0,,,-0.0,,,
연기금,하이록코리아,,3.0,2.0,0.0,,,-0.0,,-0.0,,
연기금,하이브,,25.0,4.0,-19.0,9.0,-37.0,-13.0,-8.0,-17.0,10.0,-38.0
연기금,하이비젼시스템,,,,,3.0,1.0,-3.0,,,,
연기금,하이스틸,,,,,,,,,1.0,,
연기금,하이젠알앤엠,,,,,,,,,,,
연기금,하이트론,,,,,,,,,,,
연기금,하이트진로,,1.0,-5.0,-4.0,-0.0,-0.0,-1.0,2.0,2.0,0.0,-0.0
연기금,하이트진로홀딩스,,,,,,0.0,0.0,0.0,,0.0,
연기금,하이퍼코퍼레이션,,,,,,,,,,,
연기금,한국ANKOR유전,,,,,,,,,,,
연기금,한국가스공사,,34.0,37.0,2.0,-4.0,1.0,57.0,72.0,11.0,5.0,37.0
연기금,한국공항,,-0.0,,,,0.0,0.0,0.0,,,
연기금,한국금융지주,,37.0,47.0,35.0,0.0,3.0,10.0,3.0,-1.0,-4.0,19.0
연기금,한국내화,,,,,,0.0,,,,,
연기금,한국단자,,-3.0,-1.0,-2.0,-3.0,-6.0,-1.0,-2.0,-2.0,-10.0,-2.0
연기금,한국맥널티,,,,,,,,,,,
연기금,한국무브넥스,,1.0,,0.0,,0.0,0.0,0.0,,,
연기금,한국비엔씨,,,,,,,,,,,
연기금,한국석유,,,,,,0.0,0.0,0.0,,,0.0
연기금,한국선재,,,,,,,,,,,
연기금,한국수출포장,,,,,,0.0,,,,,
연기금,한국쉘석유,,,,,,0.0,0.0,0.0,,,
연기금,한국앤컴퍼니,,0.0,-5.0,-2.0,-3.0,-2.0,-3.0,-3.0,-2.0,-2.0,0.0
연기금,한국자산신탁,,,,,,0.0,0.0,0.0,,,0.0
연기금,한국전력,,0.0,32.0,46.0,-6.0,-36.0,28.0,26.0,18.0,3.0,16.0
연기금,한국정보통신,,,0.0,-0.0,-0.0,-0.0,-0.0,-0.0,,,
연기금,한국제지,,,,,,,,,,,
연기금,한국종합기술,,,,,,,,,,,
연기금,한국주철관,,,,,,0.0,0.0,0.0,,,
연기금,한국철강,,,0.0,-0.0,,0.0,0.0,0.0,,1.0,0.0
연기금,한국첨단소재,,,,,,,,,,,
연기금,한국카본,,-0.0,3.0,-3.0,-5.0,-0.0,-1.0,5.0,1.0,-0.0,-0.0
연기금,한국콜마,,-0.0,-8.0,14.0,25.0,9.0,-0.0,18.0,9.0,10.0,4.0
연기금,한국타이어앤테크놀로지,,0.0,-9.0,-10.0,0.0,-11.0,-15.0,-11.0,-0.0,-0.0,5.0
연기금,한국토지신탁,,,,,,0.0,0.0,0.0,,,
연기금,한국특강,,-0.0,,,,0.0,-0.0,,,0.0,0.0
연기금,한국패러랠,,,,,,,,,,,
연기금,한국항공우주,,-13.0,23.0,-6.0,38.0,-47.0,42.0,39.0,36.0,51.0,-71.0
연기금,한국화장품,,,,,,0.0,0.0,0.0,,0.0,
연기금,한국화장품제조,,,1.0,,2.0,0.0,0.0,0.0,,0.0,
연기금,한글과컴퓨터,,11.0,-7.0,-7.0,6.0,7.0,6.0,1.0,0.0,2.0,-3.0
연기금,한농화성,,0.0,0.0,,,0.0,0.0,-0.0,0.0,,
연기금,한독,,,,-0.0,-0.0,0.0,0.0,-0.0,,,
연기금,한미글로벌,,0.0,1.0,-1.0,1.0,0.0,-0.0,1.0,0.0,,-0.0
연기금,한미반도체,,-106.0,-31.0,-62.0,-22.0,-66.0,-39.0,-1.0,-28.0,-8.0,1.0
연기금,한미사이언스,,1.0,-0.0,6.0,2.0,-0.0,-0.0,2.0,4.0,0.0,-3.0
연기금,한미약품,,6.0,25.0,25.0,-23.0,52.0,0.0,45.0,-8.0,-1.0,-15.0
연기금,한빛레이저,,,,,,,,,,,
연기금,한샘,,1.0,1.0,-0.0,0.0,1.0,0.0,1.0,0.0,0.0,-0.0
연기금,한섬,,0.0,,-0.0,,0.0,0.0,-0.0,0.0,,
연기금,한세실업,,0.0,-1.0,0.0,-0.0,-1.0,0.0,-0.0,-0.0,0.0,-5.0
연기금,한세예스24홀딩스,,0.0,0.0,,,0.0,0.0,0.0,,0.0,-0.0
연기금,한솔로지스틱스,,1.0,1.0,,,0.0,,,,,0.0
연기금,한솔아이원스,,,,,,,,,-0.0,,
연기금,한솔제지,,,0.0,-0.0,-1.0,0.0,0.0,0.0,-1.0,,-0.0
연기금,한솔케미칼,,11.0,21.0,15.0,17.0,0.0,-9.0,4.0,19.0,16.0,10.0
연기금,한솔테크닉스,,,,,,0.0,0.0,0.0,,,
연기금,한솔홀딩스,,,,,,0.0,,,,,
연기금,한스바이오메드,,,,,,-0.0,,,,,
연기금,한신기계,,,,1.0,,0.0,,-1.0,0.0,,-1.0
연기금,한싹,,,,,,,,,,,
연기금,한양디지텍,,,,,,,,,,,
연기금,한양이엔지,,,,0.0,-0.0,1.0,1.0,,1.0,,
연기금,한양증권,,0.0,0.0,0.0,0.0,0.0,0.0,0.0,,,
연기금,한온시스템,,15.0,11.0,28.0,8.0,8.0,1.0,-1.0,-0.0,0.0,-0.0
연기금,한올바이오파마,,-5.0,-4.0,2.0,-6.0,-15.0,-19.0,-5.0,-12.0,-4.0,-2.0
연기금,한울소재과학,,,,0.0,,,,,,,
연기금,한일시멘트,,1.0,3.0,3.0,3.0,3.0,2.0,2.0,3.0,5.0,1.0
연기금,한일현대시멘트,,,0.0,,,0.0,0.0,1.0,,0.0,
연기금,한일홀딩스,,,,,,0.0,0.0,-0.0,,,
연기금,한전KPS,,-4.0,-5.0,-7.0,-4.0,-0.0,-1.0,4.0,-1.0,1.0,-15.0
연기금,한전기술,,4.0,2.0,-1.0,2.0,1.0,-1.0,-0.0,13.0,0.0,7.0
연기금,한전산업,,,,-0.0,,0.0,-0.0,-0.0,,-1.0,-1.0
연기금,한중엔시에스,,-10.0,,,,-4.0,,,,,
연기금,한진,,-0.0,,,-0.0,0.0,0.0,-0.0,0.0,0.0,
연기금,한진중공업홀딩스,,,,,,0.0,1.0,1.0,,0.0,
연기금,한진칼,,0.0,0.0,0.0,1.0,-0.0,-2.0,-1.0,6.0,16.0,15.0
연기금,한창제지,,,,,,-0.0,-0.0,-0.0,-0.0,-0.0,-0.0
연기금,한컴라이프케어,,,,,,,,,,,
연기금,한화,,1.0,13.0,3.0,-11.0,-6.0,-8.0,14.0,12.0,25.0,-8.0
연기금,한화3우B,,1.0,1.0,,,1.0,1.0,0.0,1.0,7.0,
연기금,한화갤러리아,,,,,,0.0,0.0,0.0,,0.0,
연기금,한화비전,,-6.0,6.0,45.0,31.0,32.0,3.0,10.0,25.0,-7.0,15.0
연기금,한화생명,,-0.0,0.0,3.0,2.0,12.0,-0.0,1.0,1.0,1.0,4.0
연기금,한화손해보험,,-0.0,-0.0,1.0,,14.0,0.0,1.0,0.0,1.0,-1.0
연기금,한화솔루션,,-11.0,-28.0,-2.0,11.0,-14.0,-15.0,10.0,-13.0,19.0,-20.0
연기금,한화시스템,,-18.0,14.0,-40.0,-23.0,-19.0,28.0,67.0,-17.0,12.0,-33.0
연기금,한화에어로스페이스,,47.0,7.0,-83.0,34.0,-24.0,84.0,80.0,26.0,-55.0,-83.0
연기금,한화엔진,,1.0,1.0,0.0,-0.0,-4.0,-0.0,15.0,-6.0,14.0,4.0
연기금,한화오션,,21.0,23.0,-141.0,119.0,-65.0,131.0,-120.0,6.0,-35.0,-59.0
연기금,한화인더스트리얼솔루션즈,,,,,,,,,,,
연기금,한화투자증권,,,-1.0,,0.0,0.0,-1.0,-3.0,2.0,0.0,
연기금,해성디에스,,6.0,1.0,13.0,1.0,2.0,1.0,1.0,3.0,4.0,1.0
연기금,해태제과식품,,,-0.0,,,0.0,0.0,-0.0,,0.0,
연기금,헥토이노베이션,,,,,,,,,,,
연기금,현대ADM,,,,,,,,,,,
연기금,현대건설,,-20.0,-10.0,-24.0,-15.0,-4.0,-20.0,83.0,29.0,20.0,9.0
연기금,현대그린푸드,,1.0,0.0,1.0,-2.0,0.0,0.0,-0.0,,0.0,-1.0
연기금,현대글로비스,,28.0,9.0,-1.0,-2.0,0.0,-7.0,9.0,16.0,-46.0,-26.0
연기금,현대로템,,-55.0,7.0,-39.0,-4.0,-10.0,-3.0,-6.0,-14.0,-1.0,-5.0
연기금,현대리바트,,-0.0,-0.0,-0.0,,0.0,0.0,-0.0,,-0.0,-0.0
연기금,현대모비스,,17.0,10.0,11.0,-12.0,5.0,-10.0,27.0,6.0,-1.0,22.0
연기금,현대바이오,,,,,,,,,,,
연기금,현대백화점,,3.0,-0.0,-1.0,4.0,6.0,3.0,-1.0,3.0,22.0,1.0
연기금,현대비앤지스틸,,,0.0,,,0.0,-0.0,0.0,1.0,,
연기금,현대약품,,,,,,0.0,0.0,0.0,,,
연기금,현대엘리베이,,-1.0,2.0,11.0,10.0,9.0,4.0,2.0,1.0,-7.0,4.0
연기금,현대오토에버,,-4.0,-12.0,-23.0,-7.0,-5.0,-1.0,-8.0,13.0,14.0,-12.0
연기금,현대위아,,1.0,1.0,3.0,1.0,1.0,0.0,8.0,11.0,0.0,4.0
연기금,현대이지웰,,,,,,,,,,,
연기금,현대제철,,28.0,23.0,15.0,48.0,38.0,40.0,18.0,39.0,118.0,40.0
연기금,현대지에프홀딩스,,5.0,3.0,-1.0,-0.0,-0.0,0.0,0.0,-1.0,-2.0,-2.0
연기금,현대차,,8.0,6.0,25.0,-11.0,-8.0,-5.0,0.0,-31.0,2.0,-66.0
연기금,현대차2우B,,27.0,24.0,27.0,-33.0,-3.0,-48.0,-43.0,-31.0,-54.0,-18.0
연기금,현대차증권,,,,,-1.0,-2.0,0.0,-0.0,,,-1.0
연기금,현대코퍼레이션,,0.0,-4.0,-3.0,-1.0,-1.0,0.0,-1.0,-2.0,,-1.0
연기금,현대코퍼레이션홀딩스,,,,,,0.0,,,,,
연기금,현대퓨처넷,,0.0,1.0,1.0,0.0,0.0,0.0,0.0,-1.0,,0.0
연기금,현대해상,,3.0,-2.0,0.0,-0.0,11.0,1.0,-1.0,5.0,-4.0,2.0
연기금,현대홈쇼핑,,1.0,1.0,,2.0,0.0,0.0,-0.0,,,0.0
연기금,현대힘스,,,,,,,,,,,
연기금,형지I&C,,,,,,,,,,,
연기금,형지엘리트,,,,,,,,,,,
연기금,혜인,,,,,0.0,,,,,,
연기금,호전실업,,,,,1.0,1.0,,1.0,,0.0,
연기금,호텔신라,,3.0,-0.0,1.0,0.0,-2.0,0.0,-0.0,-0.0,3.0,-1.0
연기금,화승알앤에이,,,,,,,,,,,
연기금,화승엔터프라이즈,,1.0,2.0,2.0,2.0,-2.0,0.0,-2.0,-58.0,1.0,3.0
연기금,화승인더,,,0.0,4.0,3.0,0.0,0.0,-1.0,2.0,0.0,0.0
연기금,화승코퍼레이션,,,,,,0.0,,,,,
연기금,화신,,5.0,5.0,0.0,,-0.0,0.0,-1.0,2.0,-0.0,-0.0
연기금,화인베스틸,,,,,,,,-0.0,-0.0,-0.0,-0.0
연기금,화천기계,,,,1.0,,,,,0.0,,
연기금,화천기공,,0.0,,,,,,,,,
연기금,환인제약,,0.0,-0.0,-0.0,-0.0,0.0,0.0,-0.0,,-1.0,-0.0
연기금,황금에스티,,,,,,0.0,,,,,
연기금,효성,,0.0,-0.0,0.0,0.0,-1.0,0.0,1.0,-0.0,,3.0
연기금,효성ITX,,,,,,-0.0,0.0,0.0,,,-0.0
연기금,효성중공업,,-15.0,17.0,-11.0,-10.0,-22.0,3.0,20.0,-29.0,-42.0,13.0
연기금,효성티앤씨,,-0.0,-6.0,2.0,12.0,3.0,3.0,7.0,3.0,-2.0,15.0
연기금,효성화학,,,,,,0.0,,,,,
연기금,후성,,1.0,0.0,0.0,-0.0,-0.0,-0.0,-0.0,-1.0,0.0,0.0
연기금,휠라홀딩스,,7.0,-1.0,0.0,0.0,2.0,-0.0,2.0,-5.0,-10.0,-21.0
연기금,휴니드,,,,,,0.0,,,,0.0,
연기금,휴림로봇,,,,,,,,,,,
연기금,휴맥스홀딩스,,,,,,,,,,,
연기금,휴메딕스,,1.0,,,,,1.0,-1.0,-0.0,,
연기금,휴비츠,,,,,,,,,,,
연기금,휴스틸,,,1.0,2.0,-0.0,4.0,0.0,17.0,1.0,,
연기금,휴온스,,,0.0,,,,,,,,
연기금,휴온스글로벌,,,-3.0,,,,,-1.0,,,
연기금,휴젤,,-5.0,3.0,7.0,4.0,19.0,2.0,7.0,-6.0,-16.0,1.0
연기금,흥구석유,,,,,,,,,,,
연기금,흥국화재,,,,,,0.0,0.0,0.0,0.0,,
연기금,흥아해운,,9.0,,,,0.0,0.0,0.0,,,
